kommun,change_absolute_born_overseas,change_absolute_both_parents_overseas,change_absolute_both_parents_sweden,change_absolute_one_parent_overseas,change_relative_born_overseas,change_relative_both_parents_overseas,change_relative_both_parents_sweden,change_relative_one_parent_overseas,count_2014_born_overseas,count_2014_both_parents_overseas,count_2014_both_parents_sweden,count_2014_one_parent_overseas,count_2024_born_overseas,count_2024_both_parents_overseas,count_2024_both_parents_sweden,count_2024_one_parent_overseas,total_2014,total_2024,total_change_absolute,total_change_relative,pct_2024_born_overseas,pct_2024_both_parents_overseas,pct_2024_one_parent_overseas,pct_2024_both_parents_sweden,pct_2014_born_overseas,pct_2014_both_parents_overseas,pct_2014_one_parent_overseas,pct_2014_both_parents_sweden
Ale,1765.0,425.0,-229.0,95.0,57.83093053735256,51.70316301703163,-1.8636067708333333,5.9375,3052.0,822.0,12288.0,1600.0,4817.0,1247.0,12059.0,1695.0,17762.0,19818.0,2056.0,11.575273054836167,24.31,6.29,8.55,60.85,17.18,4.63,9.01,69.18
Alingsås,1153.0,106.0,-589.0,91.0,39.95148995148995,17.60797342192691,-3.1409982935153584,4.845580404685836,2886.0,602.0,18752.0,1878.0,4039.0,708.0,18163.0,1969.0,24118.0,24879.0,761.0,3.155319678248611,16.23,2.85,7.91,73.01,11.97,2.5,7.79,77.75
Alvesta,743.0,68.0,-1234.0,10.0,30.30179445350734,34.0,-14.380608320708543,1.773049645390071,2452.0,200.0,8581.0,564.0,3195.0,268.0,7347.0,574.0,11797.0,11384.0,-413.0,-3.5008900567941,28.07,2.35,5.04,64.54,20.78,1.7,4.78,72.74
Aneby,208.0,15.0,-393.0,6.0,45.614035087719294,33.33333333333333,-11.538461538461538,3.4090909090909087,456.0,45.0,3406.0,176.0,664.0,60.0,3013.0,182.0,4083.0,3919.0,-164.0,-4.016654420769043,16.94,1.53,4.64,76.88,11.17,1.1,4.31,83.42
Arboga,297.0,12.0,-528.0,25.0,24.895222129086335,4.761904761904762,-8.553377612182084,4.012841091492777,1193.0,252.0,6173.0,623.0,1490.0,264.0,5645.0,648.0,8241.0,8047.0,-194.0,-2.3540832423249607,18.52,3.28,8.05,70.15,14.48,3.06,7.56,74.91
Arjeplog,6.0,4.0,-267.0,-34.0,2.727272727272727,33.33333333333333,-18.76317638791286,-29.310344827586203,220.0,12.0,1423.0,116.0,226.0,16.0,1156.0,82.0,1771.0,1480.0,-291.0,-16.431394692264256,15.27,1.08,5.54,78.11,12.42,0.68,6.55,80.35
Arvidsjaur,133.0,14.0,-428.0,-5.0,37.46478873239437,107.6923076923077,-12.911010558069384,-3.1645569620253164,355.0,13.0,3315.0,158.0,488.0,27.0,2887.0,153.0,3841.0,3555.0,-286.0,-7.445977609997397,13.73,0.76,4.3,81.21,9.24,0.34,4.11,86.31
Arvika,382.0,66.0,-1508.0,-91.0,18.61598440545809,38.372093023255815,-12.260162601626016,-6.983883346124328,2052.0,172.0,12300.0,1303.0,2434.0,238.0,10792.0,1212.0,15827.0,14676.0,-1151.0,-7.272382637265433,16.58,1.62,8.26,73.54,12.97,1.09,8.23,77.72
Askersund,266.0,2.0,-513.0,12.0,55.53235908141963,1.7391304347826086,-8.968531468531468,3.35195530726257,479.0,115.0,5720.0,358.0,745.0,117.0,5207.0,370.0,6672.0,6439.0,-233.0,-3.4922062350119902,11.57,1.82,5.75,80.87,7.18,1.72,5.37,85.73
Avesta,711.0,-39.0,-1430.0,-40.0,36.48024628014366,-9.48905109489051,-14.130434782608695,-3.4873583260680032,1949.0,411.0,10120.0,1147.0,2660.0,372.0,8690.0,1107.0,13627.0,12829.0,-798.0,-5.856021134512365,20.73,2.9,8.63,67.74,14.3,3.02,8.42,74.26
Bengtsfors,230.0,9.0,-862.0,-67.0,24.008350730688935,8.737864077669903,-20.18735362997658,-15.056179775280897,958.0,103.0,4270.0,445.0,1188.0,112.0,3408.0,378.0,5776.0,5086.0,-690.0,-11.945983379501385,23.36,2.2,7.43,67.01,16.59,1.78,7.7,73.93
Berg,154.0,4.0,-345.0,-24.0,45.562130177514796,19.047619047619047,-9.5146166574738,-13.636363636363635,338.0,21.0,3626.0,176.0,492.0,25.0,3281.0,152.0,4161.0,3950.0,-211.0,-5.070896419130016,12.46,0.63,3.85,83.06,8.12,0.5,4.23,87.14
Bjurholm,35.0,2.0,-130.0,1.0,22.0125786163522,66.66666666666666,-11.265164644714037,1.639344262295082,159.0,3.0,1154.0,61.0,194.0,5.0,1024.0,62.0,1377.0,1285.0,-92.0,-6.681190994916484,15.1,0.39,4.82,79.69,11.55,0.22,4.43,83.81
Bjuv,1097.0,132.0,-677.0,2.0,48.79893238434164,30.484988452655887,-11.466802168021681,0.2663115845539281,2248.0,433.0,5904.0,751.0,3345.0,565.0,5227.0,753.0,9336.0,9890.0,554.0,5.934018851756641,33.82,5.71,7.61,52.85,24.08,4.64,8.04,63.24
Blekinge län,3943.0,487.0,-6216.0,483.0,28.146191733885363,29.35503315250151,-8.387871591077765,10.233050847457626,14009.0,1659.0,74107.0,4720.0,17952.0,2146.0,67891.0,5203.0,94495.0,93192.0,-1303.0,-1.3789089369807928,19.26,2.3,5.58,72.85,14.83,1.76,4.99,78.42
Boden,801.0,28.0,-1630.0,-128.0,44.899103139013455,13.397129186602871,-11.308450117940891,-10.223642172523961,1784.0,209.0,14414.0,1252.0,2585.0,237.0,12784.0,1124.0,17659.0,16730.0,-929.0,-5.260773543235744,15.45,1.42,6.72,76.41,10.1,1.18,7.09,81.62
Bollebygd,335.0,37.0,9.0,46.0,67.26907630522089,27.611940298507463,0.2117148906139732,10.454545454545453,498.0,134.0,4251.0,440.0,833.0,171.0,4260.0,486.0,5323.0,5750.0,427.0,8.02179222243096,14.49,2.97,8.45,74.09,9.36,2.52,8.27,79.86
Bollnäs,549.0,27.0,-1733.0,61.0,30.670391061452513,18.367346938775512,-12.716466099207512,10.85409252669039,1790.0,147.0,13628.0,562.0,2339.0,174.0,11895.0,623.0,16127.0,15031.0,-1096.0,-6.796056303094191,15.56,1.16,4.14,79.14,11.1,0.91,3.48,84.5
Borgholm,184.0,1.0,-865.0,6.0,32.682060390763766,1.5151515151515151,-16.495041952707858,1.9417475728155338,563.0,66.0,5244.0,309.0,747.0,67.0,4379.0,315.0,6182.0,5508.0,-674.0,-10.902620511161436,13.56,1.22,5.72,79.5,9.11,1.07,5.0,84.83
Borlänge,1803.0,163.0,-2421.0,-30.0,31.956752924494857,17.414529914529915,-10.464211618257261,-1.4299332697807436,5642.0,936.0,23136.0,2098.0,7445.0,1099.0,20715.0,2068.0,31812.0,31327.0,-485.0,-1.5245819187727903,23.77,3.51,6.6,66.13,17.74,2.94,6.59,72.73
Borås,6027.0,1018.0,-3703.0,93.0,37.83665013497395,25.622954945884725,-8.6861673430133,1.6844774497373662,15929.0,3973.0,42631.0,5521.0,21956.0,4991.0,38928.0,5614.0,68054.0,71489.0,3435.0,5.047462309342581,30.71,6.98,7.85,54.45,23.41,5.84,8.11,62.64
Botkyrka,4852.0,1981.0,-3125.0,413.0,16.547302366823548,30.13386066321874,-16.827311399493837,11.63380281690141,29322.0,6574.0,18571.0,3550.0,34174.0,8555.0,15446.0,3963.0,58017.0,62138.0,4121.0,7.10309047348191,55.0,13.77,6.38,24.86,50.54,11.33,6.12,32.01
Boxholm,175.0,11.0,-245.0,-17.0,67.56756756756756,30.555555555555557,-8.6848635235732,-11.724137931034482,259.0,36.0,2821.0,145.0,434.0,47.0,2576.0,128.0,3261.0,3185.0,-76.0,-2.3305734437289174,13.63,1.48,4.02,80.88,7.94,1.1,4.45,86.51
Bromölla,502.0,17.0,-791.0,38.0,45.347786811201445,9.289617486338798,-13.704088704088704,8.067940552016985,1107.0,183.0,5772.0,471.0,1609.0,200.0,4981.0,509.0,7533.0,7299.0,-234.0,-3.106332138590203,22.04,2.74,6.97,68.24,14.7,2.43,6.25,76.62
Bräcke,77.0,2.0,-541.0,-5.0,16.210526315789473,5.555555555555555,-16.996544140747723,-2.6595744680851063,475.0,36.0,3183.0,188.0,552.0,38.0,2642.0,183.0,3882.0,3415.0,-467.0,-12.029881504379187,16.16,1.11,5.36,77.36,12.24,0.93,4.84,81.99
Burlöv,1736.0,474.0,-641.0,118.0,42.79023909292581,75.96153846153845,-11.976831091180868,16.275862068965516,4057.0,624.0,5352.0,725.0,5793.0,1098.0,4711.0,843.0,10758.0,12445.0,1687.0,15.681353411414761,46.55,8.82,6.77,37.85,37.71,5.8,6.74,49.75
Båstad,506.0,64.0,-331.0,84.0,44.7787610619469,54.23728813559322,-4.9241297232966375,17.72151898734177,1130.0,118.0,6722.0,474.0,1636.0,182.0,6391.0,558.0,8444.0,8767.0,323.0,3.8252013263855993,18.66,2.08,6.36,72.9,13.38,1.4,5.61,79.61
Dalarnas län,7768.0,201.0,-13411.0,-292.0,38.646766169154226,5.628675441052926,-9.803720896231589,-2.5397929894755156,20100.0,3571.0,136795.0,11497.0,27868.0,3772.0,123384.0,11205.0,171963.0,166229.0,-5734.0,-3.3344382221757005,16.76,2.27,6.74,74.23,11.69,2.08,6.69,79.55
Dals-Ed,-38.0,-1.0,-261.0,23.0,-7.5396825396825395,-2.857142857142857,-12.322946175637393,10.267857142857142,504.0,35.0,2118.0,224.0,466.0,34.0,1857.0,247.0,2881.0,2604.0,-277.0,-9.61471711211385,17.9,1.31,9.49,71.31,17.49,1.21,7.78,73.52
Danderyd,661.0,109.0,-281.0,145.0,19.29363689433742,18.600682593856654,-2.1989201032944674,8.396062536189925,3426.0,586.0,12779.0,1727.0,4087.0,695.0,12498.0,1872.0,18518.0,19152.0,634.0,3.4236958634841774,21.34,3.63,9.77,65.26,18.5,3.16,9.33,69.01
Degerfors,157.0,0.0,-719.0,-10.0,19.551681195516814,0.0,-16.419273806805208,-2.1881838074398248,803.0,205.0,4379.0,457.0,960.0,205.0,3660.0,447.0,5844.0,5272.0,-572.0,-9.787816563997263,18.21,3.89,8.48,69.42,13.74,3.51,7.82,74.93
Dorotea,-6.0,2.0,-357.0,17.0,-3.821656050955414,40.0,-25.391180654338548,65.38461538461539,157.0,5.0,1406.0,26.0,151.0,7.0,1049.0,43.0,1594.0,1250.0,-344.0,-21.580928481806776,12.08,0.56,3.44,83.92,9.85,0.31,1.63,88.21
Eda,196.0,3.0,-398.0,-79.0,13.706293706293707,3.0927835051546393,-13.213811420982735,-11.350574712643677,1430.0,97.0,3012.0,696.0,1626.0,100.0,2614.0,617.0,5235.0,4957.0,-278.0,-5.310410697230181,32.8,2.02,12.45,52.73,27.32,1.85,13.3,57.54
Ekerö,882.0,90.0,-206.0,129.0,40.928074245939676,20.97902097902098,-1.7139529078958315,8.492429229756418,2155.0,429.0,12019.0,1519.0,3037.0,519.0,11813.0,1648.0,16122.0,17017.0,895.0,5.551420419302816,17.85,3.05,9.68,69.42,13.37,2.66,9.42,74.55
Eksjö,780.0,43.0,-883.0,21.0,61.2725844461901,38.392857142857146,-10.62575210589651,4.285714285714286,1273.0,112.0,8310.0,490.0,2053.0,155.0,7427.0,511.0,10185.0,10146.0,-39.0,-0.3829160530191458,20.23,1.53,5.04,73.2,12.5,1.1,4.81,81.59
Emmaboda,490.0,19.0,-793.0,-6.0,56.91056910569105,24.050632911392405,-18.916984732824428,-1.8927444794952681,861.0,79.0,4192.0,317.0,1351.0,98.0,3399.0,311.0,5449.0,5159.0,-290.0,-5.322077445402827,26.19,1.9,6.03,65.88,15.8,1.45,5.82,76.93
Enköping,2865.0,263.0,232.0,325.0,82.77954348454205,31.05076741440378,1.1961229119406063,16.761217122227954,3461.0,847.0,19396.0,1939.0,6326.0,1110.0,19628.0,2264.0,25643.0,29328.0,3685.0,14.370393479702063,21.57,3.78,7.72,66.93,13.5,3.3,7.56,75.64
Eskilstuna,5210.0,630.0,-3903.0,146.0,30.963984309996434,14.77832512315271,-10.550644716567998,2.7376711044440274,16826.0,4263.0,36993.0,5333.0,22036.0,4893.0,33090.0,5479.0,63415.0,65498.0,2083.0,3.2847118189702753,33.64,7.47,8.37,50.52,26.53,6.72,8.41,58.33
Eslöv,2038.0,209.0,-1277.0,168.0,53.114412301277035,27.037516170763258,-8.834313386371498,13.75921375921376,3837.0,773.0,14455.0,1221.0,5875.0,982.0,13178.0,1389.0,20286.0,21424.0,1138.0,5.609780143941634,27.42,4.58,6.48,61.51,18.91,3.81,6.02,71.26
Essunga,106.0,-8.0,-393.0,14.0,40.92664092664093,-12.307692307692308,-13.774973711882229,6.666666666666667,259.0,65.0,2853.0,210.0,365.0,57.0,2460.0,224.0,3387.0,3106.0,-281.0,-8.296427516976676,11.75,1.84,7.21,79.2,7.65,1.92,6.2,84.23
Fagersta,345.0,-12.0,-628.0,-68.0,16.578567996155694,-2.0442930153321974,-14.106019766397123,-8.468244084682441,2081.0,587.0,4452.0,803.0,2426.0,575.0,3824.0,735.0,7923.0,7560.0,-363.0,-4.581597879591064,32.09,7.61,9.72,50.58,26.27,7.41,10.14,56.19
Falkenberg,1664.0,325.0,-762.0,155.0,42.27642276422765,61.43667296786389,-3.8328051908857708,9.693558474046279,3936.0,529.0,19881.0,1599.0,5600.0,854.0,19119.0,1754.0,25945.0,27327.0,1382.0,5.326652534206977,20.49,3.13,6.42,69.96,15.17,2.04,6.16,76.63
Falköping,1216.0,156.0,-1583.0,68.0,44.52581471988283,54.54545454545454,-10.106620698461342,7.71850170261067,2731.0,286.0,15663.0,881.0,3947.0,442.0,14080.0,949.0,19561.0,19418.0,-143.0,-0.7310464700168704,20.33,2.28,4.89,72.51,13.96,1.46,4.5,80.07
Falun,1108.0,92.0,-1892.0,65.0,29.66532797858099,15.807560137457044,-6.485671191553545,2.8089887640449436,3735.0,582.0,29172.0,2314.0,4843.0,674.0,27280.0,2379.0,35803.0,35176.0,-627.0,-1.7512498952601738,13.77,1.92,6.76,77.55,10.43,1.63,6.46,81.48
Filipstad,183.0,-34.0,-963.0,-81.0,19.20251836306401,-22.516556291390728,-20.406865861411315,-15.94488188976378,953.0,151.0,4719.0,508.0,1136.0,117.0,3756.0,427.0,6331.0,5436.0,-895.0,-14.136787237403253,20.9,2.15,7.86,69.09,15.05,2.39,8.02,74.54
Finspång,692.0,47.0,-1066.0,42.0,36.28736234923964,13.27683615819209,-11.015810685129688,4.435058078141499,1907.0,354.0,9677.0,947.0,2599.0,401.0,8611.0,989.0,12885.0,12600.0,-285.0,-2.211874272409779,20.63,3.18,7.85,68.34,14.8,2.75,7.35,75.1
Flen,307.0,76.0,-1463.0,-49.0,14.626012386850881,23.170731707317074,-22.678654472174856,-7.3573573573573565,2099.0,328.0,6451.0,666.0,2406.0,404.0,4988.0,617.0,9544.0,8415.0,-1129.0,-11.829421626152557,28.59,4.8,7.33,59.28,21.99,3.44,6.98,67.59
Forshaga,146.0,12.0,-414.0,-25.0,23.586429725363487,15.384615384615385,-7.178775793306745,-5.773672055427252,619.0,78.0,5767.0,433.0,765.0,90.0,5353.0,408.0,6897.0,6616.0,-281.0,-4.074235174713644,11.56,1.36,6.17,80.91,8.97,1.13,6.28,83.62
Färgelanda,108.0,-8.0,-400.0,6.0,27.0,-13.114754098360656,-12.213740458015266,2.510460251046025,400.0,61.0,3275.0,239.0,508.0,53.0,2875.0,245.0,3975.0,3681.0,-294.0,-7.39622641509434,13.8,1.44,6.66,78.1,10.06,1.53,6.01,82.39
Gagnef,64.0,-10.0,-330.0,-1.0,15.274463007159905,-5.347593582887701,-6.528189910979229,-0.2785515320334262,419.0,187.0,5055.0,359.0,483.0,177.0,4725.0,358.0,6020.0,5743.0,-277.0,-4.601328903654485,8.41,3.08,6.23,82.27,6.96,3.11,5.96,83.97
Gislaved,1585.0,164.0,-2133.0,-70.0,38.80048959608323,19.248826291079812,-18.34680887665577,-5.4559625876851126,4085.0,852.0,11626.0,1283.0,5670.0,1016.0,9493.0,1213.0,17846.0,17392.0,-454.0,-2.5439874481676568,32.6,5.84,6.97,54.58,22.89,4.77,7.19,65.15
Gnesta,358.0,11.0,-391.0,129.0,43.49939246658566,5.583756345177665,-7.961718590918347,24.339622641509433,823.0,197.0,4911.0,530.0,1181.0,208.0,4520.0,659.0,6461.0,6568.0,107.0,1.6560903884847549,17.98,3.17,10.03,68.82,12.74,3.05,8.2,76.01
Gnosjö,167.0,23.0,-671.0,-42.0,9.714950552646888,9.787234042553191,-18.110661268556004,-12.574850299401197,1719.0,235.0,3705.0,334.0,1886.0,258.0,3034.0,292.0,5993.0,5470.0,-523.0,-8.726847989320873,34.48,4.72,5.34,55.47,28.68,3.92,5.57,61.82
Gotland,1967.0,30.0,-2294.0,8.0,87.5,7.672634271099745,-7.373834779813565,0.3859141341051616,2248.0,391.0,31110.0,2073.0,4215.0,421.0,28816.0,2081.0,35822.0,35533.0,-289.0,-0.8067667913572665,11.86,1.18,5.86,81.1,6.28,1.09,5.79,86.85
Gotlands län,1967.0,30.0,-2294.0,8.0,87.5,7.672634271099745,-7.373834779813565,0.3859141341051616,2248.0,391.0,31110.0,2073.0,4215.0,421.0,28816.0,2081.0,35822.0,35533.0,-289.0,-0.8067667913572665,11.86,1.18,5.86,81.1,6.28,1.09,5.79,86.85
Grums,195.0,-12.0,-537.0,-3.0,33.73702422145329,-12.631578947368421,-12.086428089128967,-0.6976744186046512,578.0,95.0,4443.0,430.0,773.0,83.0,3906.0,427.0,5546.0,5189.0,-357.0,-6.437071763433106,14.9,1.6,8.23,75.27,10.42,1.71,7.75,80.11
Grästorp,64.0,15.0,-318.0,-7.0,25.098039215686274,23.4375,-10.65326633165829,-3.684210526315789,255.0,64.0,2985.0,190.0,319.0,79.0,2667.0,183.0,3494.0,3248.0,-246.0,-7.040641099026904,9.82,2.43,5.63,82.11,7.3,1.83,5.44,85.43
Gullspång,78.0,22.0,-484.0,-18.0,15.918367346938775,41.509433962264154,-20.091324200913242,-10.404624277456648,490.0,53.0,2409.0,173.0,568.0,75.0,1925.0,155.0,3125.0,2723.0,-402.0,-12.864,20.86,2.75,5.69,70.69,15.68,1.7,5.54,77.09
Gällivare,582.0,-3.0,-1643.0,-160.0,58.199999999999996,-2.459016393442623,-17.196985555788153,-18.369690011481058,1000.0,122.0,9554.0,871.0,1582.0,119.0,7911.0,711.0,11547.0,10323.0,-1224.0,-10.600155884645362,15.33,1.15,6.89,76.63,8.66,1.06,7.54,82.74
Gävle,4130.0,395.0,-3124.0,285.0,40.85872576177285,25.5663430420712,-6.609961491261479,7.490144546649145,10108.0,1545.0,47262.0,3805.0,14238.0,1940.0,44138.0,4090.0,62720.0,64406.0,1686.0,2.6881377551020407,22.11,3.01,6.35,68.53,16.12,2.46,6.07,75.35
Gävleborgs län,8407.0,588.0,-14927.0,450.0,36.84210526315789,19.515433123133093,-10.746967133446129,5.01002004008016,22819.0,3013.0,138895.0,8982.0,31226.0,3601.0,123968.0,9432.0,173709.0,168227.0,-5482.0,-3.1558526040677224,18.56,2.14,5.61,73.69,13.14,1.73,5.17,79.96
Göteborg,41105.0,10205.0,-12186.0,3274.0,38.52028863274295,49.67628876016161,-5.690722804920192,11.325192846518386,106710.0,20543.0,214138.0,28909.0,147815.0,30748.0,201952.0,32183.0,370300.0,412698.0,42398.0,11.449635430731838,35.82,7.45,7.8,48.93,28.82,5.55,7.81,57.83
Götene,300.0,23.0,-676.0,7.0,34.32494279176201,19.65811965811966,-10.355392156862745,1.5521064301552108,874.0,117.0,6528.0,451.0,1174.0,140.0,5852.0,458.0,7970.0,7624.0,-346.0,-4.341279799247177,15.4,1.84,6.01,76.76,10.97,1.47,5.66,81.91
Habo,366.0,33.0,558.0,78.0,73.79032258064517,34.375,9.950071326676177,18.52731591448931,496.0,96.0,5608.0,421.0,862.0,129.0,6166.0,499.0,6621.0,7656.0,1035.0,15.632079746261892,11.26,1.68,6.52,80.54,7.49,1.45,6.36,84.7
Hagfors,468.0,-14.0,-1105.0,-77.0,51.035986913849506,-15.555555555555555,-19.130886426592795,-16.96035242290749,917.0,90.0,5776.0,454.0,1385.0,76.0,4671.0,377.0,7237.0,6509.0,-728.0,-10.059416885449773,21.28,1.17,5.79,71.76,12.67,1.24,6.27,79.81
Hallands län,12288.0,1875.0,-2914.0,1354.0,44.84507864676472,38.10201178622231,-1.9884812752483896,10.392202010898764,27401.0,4921.0,146544.0,13029.0,39689.0,6796.0,143630.0,14383.0,191895.0,204498.0,12603.0,6.567654185882904,19.41,3.32,7.03,70.24,14.28,2.56,6.79,76.37
Hallsberg,835.0,33.0,-938.0,-10.0,66.06012658227847,17.46031746031746,-12.47506317329432,-1.733102253032929,1264.0,189.0,7519.0,577.0,2099.0,222.0,6581.0,567.0,9549.0,9469.0,-80.0,-0.8377840611582363,22.17,2.34,5.99,69.5,13.24,1.98,6.04,78.74
Hallstahammar,338.0,57.0,-245.0,43.0,18.80912632164719,8.571428571428571,-4.087420754087421,4.126679462571977,1797.0,665.0,5994.0,1042.0,2135.0,722.0,5749.0,1085.0,9498.0,9691.0,193.0,2.0320067382606863,22.03,7.45,11.2,59.32,18.92,7.0,10.97,63.11
Halmstad,5185.0,978.0,-2061.0,341.0,43.659481306837314,42.37435008665511,-4.874529930701733,7.997185741088179,11876.0,2308.0,42281.0,4264.0,17061.0,3286.0,40220.0,4605.0,60729.0,65172.0,4443.0,7.316109272341056,26.18,5.04,7.07,61.71,19.56,3.8,7.02,69.62
Hammarö,259.0,24.0,16.0,22.0,38.25701624815362,18.045112781954884,0.201765447667087,3.6363636363636362,677.0,133.0,7930.0,605.0,936.0,157.0,7946.0,627.0,9345.0,9666.0,321.0,3.434991974317817,9.68,1.62,6.49,82.21,7.24,1.42,6.47,84.86
Haninge,9001.0,1507.0,231.0,926.0,56.228135932033986,43.580104106419896,0.7824938179600962,20.495794599380257,16008.0,3458.0,29521.0,4518.0,25009.0,4965.0,29752.0,5444.0,53505.0,65170.0,11665.0,21.801700775628447,38.38,7.62,8.35,45.65,29.92,6.46,8.44,55.17
Haparanda,-711.0,-36.0,-169.0,-141.0,-27.719298245614034,-4.483188044831881,-10.861182519280206,-12.935779816513762,2565.0,803.0,1556.0,1090.0,1854.0,767.0,1387.0,949.0,6014.0,4957.0,-1057.0,-17.575656800798136,37.4,15.47,19.14,27.98,42.65,13.35,18.12,25.87
Heby,502.0,30.0,-523.0,43.0,53.29087048832272,18.9873417721519,-7.88362978595116,7.719928186714542,942.0,158.0,6634.0,557.0,1444.0,188.0,6111.0,600.0,8291.0,8343.0,52.0,0.6271861054155108,17.31,2.25,7.19,73.25,11.36,1.91,6.72,80.01
Hedemora,347.0,4.0,-894.0,-20.0,30.332167832167833,1.4285714285714286,-12.297111416781293,-3.0534351145038165,1144.0,280.0,7270.0,655.0,1491.0,284.0,6376.0,635.0,9349.0,8786.0,-563.0,-6.02203444218633,16.97,3.23,7.23,72.57,12.24,2.99,7.01,77.76
Helsingborg,11168.0,2332.0,-5698.0,361.0,48.03027696542233,56.314899782661186,-10.759266602466058,5.330773774365032,23252.0,4141.0,52959.0,6772.0,34420.0,6473.0,47261.0,7133.0,87124.0,95287.0,8163.0,9.369404526881226,36.12,6.79,7.49,49.6,26.69,4.75,7.77,60.79
Herrljunga,207.0,22.0,-496.0,20.0,28.910614525139668,14.965986394557824,-10.799042020465926,5.797101449275362,716.0,147.0,4593.0,345.0,923.0,169.0,4097.0,365.0,5801.0,5554.0,-247.0,-4.257886571280814,16.62,3.04,6.57,73.77,12.34,2.53,5.95,79.18
Hjo,178.0,5.0,-285.0,-4.0,43.30900243309003,6.41025641025641,-6.245890861275476,-1.2698412698412698,411.0,78.0,4563.0,315.0,589.0,83.0,4278.0,311.0,5367.0,5261.0,-106.0,-1.9750326066703932,11.2,1.58,5.91,81.32,7.66,1.45,5.87,85.02
Hofors,84.0,-7.0,-410.0,5.0,10.755441741357235,-3.1963470319634704,-9.574964969640355,1.0638297872340425,781.0,219.0,4282.0,470.0,865.0,212.0,3872.0,475.0,5752.0,5424.0,-328.0,-5.702364394993046,15.95,3.91,8.76,71.39,13.58,3.81,8.17,74.44
Huddinge,5701.0,1935.0,-1985.0,702.0,24.078219369007897,42.564892212934446,-5.867573159917233,13.2128740824393,23677.0,4546.0,33830.0,5313.0,29378.0,6481.0,31845.0,6015.0,67366.0,73719.0,6353.0,9.430573286227474,39.85,8.79,8.16,43.2,35.15,6.75,7.89,50.22
Hudiksvall,756.0,54.0,-1838.0,77.0,34.441913439635535,23.788546255506606,-9.564945878434637,7.439613526570048,2195.0,227.0,19216.0,1035.0,2951.0,281.0,17378.0,1112.0,22673.0,21722.0,-951.0,-4.194416266043311,13.59,1.29,5.12,80.0,9.68,1.0,4.56,84.75
Hultsfred,607.0,33.0,-1363.0,-38.0,40.54776219104876,30.8411214953271,-21.30020315674324,-8.899297423887589,1497.0,107.0,6399.0,427.0,2104.0,140.0,5036.0,389.0,8430.0,7669.0,-761.0,-9.027283511269276,27.44,1.83,5.07,65.67,17.76,1.27,5.07,75.91
Hylte,300.0,4.0,-614.0,-17.0,19.77587343441002,1.9047619047619049,-14.921020656136088,-3.881278538812785,1517.0,210.0,4115.0,438.0,1817.0,214.0,3501.0,421.0,6280.0,5953.0,-327.0,-5.207006369426752,30.52,3.59,7.07,58.81,24.16,3.34,6.97,65.53
Hällefors,26.0,-22.0,-589.0,-26.0,3.6363636363636362,-13.580246913580247,-20.63770147161878,-6.598984771573605,715.0,162.0,2854.0,394.0,741.0,140.0,2265.0,368.0,4125.0,3514.0,-611.0,-14.812121212121212,21.09,3.98,10.47,64.46,17.33,3.93,9.55,69.19
Härjedalen,264.0,22.0,-528.0,-21.0,41.25,47.82608695652174,-10.142143680368806,-6.774193548387098,640.0,46.0,5206.0,310.0,904.0,68.0,4678.0,289.0,6202.0,5939.0,-263.0,-4.240567558851984,15.22,1.14,4.87,78.77,10.32,0.74,5.0,83.94
Härnösand,743.0,33.0,-1854.0,-15.0,37.13143428285857,22.602739726027394,-15.302079894354573,-1.95822454308094,2001.0,146.0,12116.0,766.0,2744.0,179.0,10262.0,751.0,15029.0,13936.0,-1093.0,-7.272606294497305,19.69,1.28,5.39,73.64,13.31,0.97,5.1,80.62
Härryda,1447.0,161.0,54.0,202.0,53.159441587068336,19.975186104218363,0.31732972909443496,10.978260869565219,2722.0,806.0,17017.0,1840.0,4169.0,967.0,17071.0,2042.0,22385.0,24249.0,1864.0,8.327004690641054,17.19,3.99,8.42,70.4,12.16,3.6,8.22,76.02
Hässleholm,2028.0,357.0,-2701.0,106.0,38.88036809815951,60.611205432937176,-11.421684709066305,6.20245757753072,5216.0,589.0,23648.0,1709.0,7244.0,946.0,20947.0,1815.0,31162.0,30952.0,-210.0,-0.6738976959116874,23.4,3.06,5.86,67.68,16.74,1.89,5.48,75.89
Håbo,1060.0,90.0,272.0,184.0,54.89383738995339,13.636363636363635,3.115336158515634,14.910858995137763,1931.0,660.0,8731.0,1234.0,2991.0,750.0,9003.0,1418.0,12556.0,14162.0,1606.0,12.790697674418606,21.12,5.3,10.01,63.57,15.38,5.26,9.83,69.54
Höganäs,956.0,106.0,-193.0,202.0,47.514910536779325,30.903790087463555,-1.704796396078085,17.939609236234457,2012.0,343.0,11321.0,1126.0,2968.0,449.0,11128.0,1328.0,14802.0,15873.0,1071.0,7.235508715038508,18.7,2.83,8.37,70.11,13.59,2.32,7.61,76.48
Högsby,276.0,6.0,-751.0,-22.0,40.0,15.789473684210526,-28.609523809523807,-16.541353383458645,690.0,38.0,2625.0,133.0,966.0,44.0,1874.0,111.0,3486.0,2995.0,-491.0,-14.08491107286288,32.25,1.47,3.71,62.57,19.79,1.09,3.82,75.3
Hörby,330.0,85.0,-580.0,78.0,26.066350710900476,70.83333333333334,-7.765430445842816,15.145631067961165,1266.0,120.0,7469.0,515.0,1596.0,205.0,6889.0,593.0,9370.0,9283.0,-87.0,-0.9284951974386338,17.19,2.21,6.39,74.21,13.51,1.28,5.5,79.71
Höör,316.0,56.0,135.0,94.0,25.88042588042588,29.946524064171122,1.7693315858453473,13.258110014104371,1221.0,187.0,7630.0,709.0,1537.0,243.0,7765.0,803.0,9747.0,10348.0,601.0,6.165999794808659,14.85,2.35,7.76,75.04,12.53,1.92,7.27,78.28
Jokkmokk,103.0,-5.0,-582.0,-28.0,28.690807799442897,-21.73913043478261,-22.087286527514234,-14.973262032085561,359.0,23.0,2635.0,187.0,462.0,18.0,2053.0,159.0,3204.0,2692.0,-512.0,-15.980024968789014,17.16,0.67,5.91,76.26,11.2,0.72,5.84,82.24
Jämtlands län,3637.0,159.0,-3954.0,111.0,49.04261057173678,24.84375,-5.923595505617977,2.6074700493305145,7416.0,640.0,66750.0,4257.0,11053.0,799.0,62796.0,4368.0,79063.0,79016.0,-47.0,-0.05944626437145062,13.99,1.01,5.53,79.47,9.38,0.81,5.38,84.43
Järfälla,11835.0,2953.0,-2256.0,544.0,79.65405841970656,88.78532772098617,-10.00266028198989,14.639397201291713,14858.0,3326.0,22554.0,3716.0,26693.0,6279.0,20298.0,4260.0,44454.0,57530.0,13076.0,29.414675844693388,46.4,10.91,7.4,35.28,33.42,7.48,8.36,50.74
Jönköping,8803.0,1832.0,-2514.0,595.0,54.95692346110626,61.62125798856374,-4.16680478668744,12.207632334837916,16018.0,2973.0,60334.0,4874.0,24821.0,4805.0,57820.0,5469.0,84199.0,92915.0,8716.0,10.351666884404803,26.71,5.17,5.89,62.23,19.02,3.53,5.79,71.66
Jönköpings län,18395.0,2876.0,-12981.0,647.0,47.24540901502504,47.232714731483,-8.26367889995862,5.385383718994506,38935.0,6089.0,157085.0,12014.0,57330.0,8965.0,144104.0,12661.0,214123.0,223060.0,8937.0,4.173769282141572,25.7,4.02,5.68,64.6,18.18,2.84,5.61,73.36
Kalix,90.0,1.0,-923.0,-141.0,8.211678832116789,0.3597122302158274,-12.314876584389593,-15.309446254071663,1096.0,278.0,7495.0,921.0,1186.0,279.0,6572.0,780.0,9790.0,8817.0,-973.0,-9.938712972420838,13.45,3.16,8.85,74.54,11.2,2.84,9.41,76.56
Kalmar,3825.0,414.0,-1367.0,271.0,68.14537680384821,58.89046941678521,-4.093304587375734,12.557924003707136,5613.0,703.0,33396.0,2158.0,9438.0,1117.0,32029.0,2429.0,41870.0,45013.0,3143.0,7.5065679484117505,20.97,2.48,5.4,71.15,13.41,1.68,5.15,79.76
Kalmar län,9779.0,818.0,-13307.0,260.0,52.42026266416511,39.94140625,-11.318844894313784,3.674392312040701,18655.0,2048.0,117565.0,7076.0,28434.0,2866.0,104258.0,7336.0,145344.0,142894.0,-2450.0,-1.6856560986349627,19.9,2.01,5.13,72.96,12.84,1.41,4.87,80.89
Karlsborg,124.0,11.0,-314.0,30.0,40.52287581699346,36.666666666666664,-8.815272318921954,15.873015873015872,306.0,30.0,3562.0,189.0,430.0,41.0,3248.0,219.0,4087.0,3938.0,-149.0,-3.6457058967457794,10.92,1.04,5.56,82.48,7.49,0.73,4.62,87.15
Karlshamn,949.0,86.0,-1771.0,46.0,37.27415553809898,28.95622895622896,-11.514954486345903,4.48780487804878,2546.0,297.0,15380.0,1025.0,3495.0,383.0,13609.0,1071.0,19248.0,18558.0,-690.0,-3.5847880299251873,18.83,2.06,5.77,73.33,13.23,1.54,5.33,79.9
Karlskoga,712.0,48.0,-1116.0,4.0,24.400274160383827,7.0588235294117645,-8.513235181936075,0.26972353337828725,2918.0,680.0,13109.0,1483.0,3630.0,728.0,11993.0,1487.0,18190.0,17838.0,-352.0,-1.9351291918636615,20.35,4.08,8.34,67.23,16.04,3.74,8.15,72.07
Karlskrona,1438.0,280.0,-1753.0,312.0,25.619098521289864,59.57446808510638,-5.4215377002536025,18.98965307364577,5613.0,470.0,32334.0,1643.0,7051.0,750.0,30581.0,1955.0,40060.0,40337.0,277.0,0.691462805791313,17.48,1.86,4.85,75.81,14.01,1.17,4.1,80.71
Karlstad,4106.0,602.0,-528.0,509.0,53.56816699282453,52.121212121212125,-1.1721091304637379,13.42653653389607,7665.0,1155.0,45047.0,3791.0,11771.0,1757.0,44519.0,4300.0,57658.0,62347.0,4689.0,8.132436088660723,18.88,2.82,6.9,71.41,13.29,2.0,6.57,78.13
Katrineholm,1203.0,185.0,-1733.0,33.0,30.925449871465293,31.197301854974707,-11.947604274388143,2.479338842975207,3890.0,593.0,14505.0,1331.0,5093.0,778.0,12772.0,1364.0,20319.0,20007.0,-312.0,-1.5355086372360844,25.46,3.89,6.82,63.84,19.14,2.92,6.55,71.39
Kil,140.0,-6.0,-478.0,-34.0,25.31645569620253,-7.0588235294117645,-7.827083674471917,-6.952965235173824,553.0,85.0,6107.0,489.0,693.0,79.0,5629.0,455.0,7234.0,6856.0,-378.0,-5.225324854852087,10.11,1.15,6.64,82.1,7.64,1.18,6.76,84.42
Kinda,187.0,10.0,-468.0,-1.0,38.163265306122454,22.22222222222222,-9.272835347731325,-0.38461538461538464,490.0,45.0,5047.0,260.0,677.0,55.0,4579.0,259.0,5842.0,5570.0,-272.0,-4.655939746662102,12.15,0.99,4.65,82.21,8.39,0.77,4.45,86.39
Kiruna,1053.0,-27.0,-1364.0,-362.0,63.77952755905512,-7.64872521246459,-12.39887282974275,-19.599350297780184,1651.0,353.0,11001.0,1847.0,2704.0,326.0,9637.0,1485.0,14852.0,14152.0,-700.0,-4.713169943441961,19.11,2.3,10.49,68.1,11.12,2.38,12.44,74.07
Klippan,803.0,51.0,-554.0,55.0,45.03645541222659,16.721311475409838,-7.360170054470573,6.866416978776529,1783.0,305.0,7527.0,801.0,2586.0,356.0,6973.0,856.0,10416.0,10771.0,355.0,3.4082181259600617,24.01,3.31,7.95,64.74,17.12,2.93,7.69,72.26
Knivsta,1713.0,202.0,947.0,354.0,133.203732503888,79.2156862745098,12.45069681830134,44.13965087281795,1286.0,255.0,7606.0,802.0,2999.0,457.0,8553.0,1156.0,9949.0,13165.0,3216.0,32.32485676952457,22.78,3.47,8.78,64.97,12.93,2.56,8.06,76.45
Kramfors,513.0,4.0,-1577.0,12.0,40.77901430842608,2.272727272727273,-17.276511831726555,2.1699819168173597,1258.0,176.0,9128.0,553.0,1771.0,180.0,7551.0,565.0,11115.0,10067.0,-1048.0,-9.428699955015745,17.59,1.79,5.61,75.01,11.32,1.58,4.98,82.12
Kristianstad,3738.0,788.0,-3872.0,173.0,36.751548520302826,70.23172905525847,-10.441160608348614,6.797642436149312,10171.0,1122.0,37084.0,2545.0,13909.0,1910.0,33212.0,2718.0,50922.0,51749.0,827.0,1.624052472408782,26.88,3.69,5.25,64.18,19.97,2.2,5.0,72.83
Kristinehamn,427.0,0.0,-1474.0,-66.0,21.785714285714285,0.0,-12.759695290858724,-6.291706387035272,1960.0,301.0,11552.0,1049.0,2387.0,301.0,10078.0,983.0,14862.0,13749.0,-1113.0,-7.488897860314897,17.36,2.19,7.15,73.3,13.19,2.03,7.06,77.73
Krokom,194.0,13.0,-8.0,5.0,28.197674418604652,27.083333333333332,-0.10580611030286999,0.9861932938856016,688.0,48.0,7561.0,507.0,882.0,61.0,7553.0,512.0,8804.0,9008.0,204.0,2.3171285779191275,9.79,0.68,5.68,83.85,7.81,0.55,5.76,85.88
Kronobergs län,10429.0,1213.0,-7764.0,697.0,44.371170864533696,46.492909160597925,-9.130358087846181,10.774462822692843,23504.0,2609.0,85035.0,6469.0,33933.0,3822.0,77271.0,7166.0,117617.0,122192.0,4575.0,3.8897438295484497,27.77,3.13,5.86,63.24,19.98,2.22,5.5,72.3
Kumla,836.0,107.0,-483.0,9.0,48.46376811594203,37.41258741258741,-4.817955112219451,1.0856453558504222,1725.0,286.0,10025.0,829.0,2561.0,393.0,9542.0,838.0,12865.0,13334.0,469.0,3.6455499417022934,19.21,2.95,6.28,71.56,13.41,2.22,6.44,77.92
Kungsbacka,2191.0,112.0,920.0,387.0,57.82528371602006,12.641083521444695,2.374683805688916,10.62019758507135,3789.0,886.0,38742.0,3644.0,5980.0,998.0,39662.0,4031.0,47061.0,50671.0,3610.0,7.670895221096025,11.8,1.97,7.96,78.27,8.05,1.88,7.74,82.32
Kungsör,310.0,-11.0,-313.0,16.0,37.71289537712895,-4.888888888888889,-8.819385742462666,3.864734299516908,822.0,225.0,3549.0,414.0,1132.0,214.0,3236.0,430.0,5010.0,5012.0,2.0,0.03992015968063872,22.59,4.27,8.58,64.57,16.41,4.49,8.26,70.84
Kungälv,1846.0,414.0,1596.0,510.0,69.87130961392884,65.19685039370079,7.657981862674536,26.007139214686386,2642.0,635.0,20841.0,1961.0,4488.0,1049.0,22437.0,2471.0,26079.0,30445.0,4366.0,16.741439472372406,14.74,3.45,8.12,73.7,10.13,2.43,7.52,79.91
Kävlinge,992.0,108.0,8.0,132.0,51.85572399372713,26.60098522167488,0.05542469170015242,10.2803738317757,1913.0,406.0,14434.0,1284.0,2905.0,514.0,14442.0,1416.0,18037.0,19277.0,1240.0,6.874757443033763,15.07,2.67,7.35,74.92,10.61,2.25,7.12,80.02
Köping,732.0,20.0,-1309.0,5.0,22.88215067208503,2.277904328018223,-12.919463087248323,0.36576444769568395,3199.0,878.0,10132.0,1367.0,3931.0,898.0,8823.0,1372.0,15576.0,15024.0,-552.0,-3.5439137134052388,26.16,5.98,9.13,58.73,20.54,5.64,8.78,65.05
Laholm,1117.0,114.0,-697.0,71.0,58.78947368421053,43.84615384615385,-6.0524487669329625,8.333333333333332,1900.0,260.0,11516.0,852.0,3017.0,374.0,10819.0,923.0,14528.0,15133.0,605.0,4.164372246696035,19.94,2.47,6.1,71.49,13.08,1.79,5.86,79.27
Landskrona,1467.0,636.0,-985.0,90.0,16.91651291512915,49.88235294117647,-6.388222323107853,4.479840716774515,8672.0,1275.0,15419.0,2009.0,10139.0,1911.0,14434.0,2099.0,27375.0,28583.0,1208.0,4.412785388127854,35.47,6.69,7.34,50.5,31.68,4.66,7.34,56.33
Laxå,83.0,-15.0,-432.0,-16.0,14.638447971781304,-13.043478260869565,-17.28,-6.639004149377594,567.0,115.0,2500.0,241.0,650.0,100.0,2068.0,225.0,3423.0,3043.0,-380.0,-11.101373064563248,21.36,3.29,7.39,67.96,16.56,3.36,7.04,73.04
Lekeberg,232.0,19.0,132.0,56.0,101.75438596491229,38.0,3.354510800508259,20.817843866171003,228.0,50.0,3935.0,269.0,460.0,69.0,4067.0,325.0,4482.0,4921.0,439.0,9.794734493529674,9.35,1.4,6.6,82.65,5.09,1.12,6.0,87.8
Leksand,346.0,27.0,-587.0,-4.0,44.81865284974093,26.732673267326735,-7.568334192882929,-0.7561436672967864,772.0,101.0,7756.0,529.0,1118.0,128.0,7169.0,525.0,9158.0,8940.0,-218.0,-2.380432408822887,12.51,1.43,5.87,80.19,8.43,1.1,5.78,84.69
Lerum,1133.0,176.0,142.0,223.0,42.803173403853414,24.37673130193906,0.7624161073825503,11.33130081300813,2647.0,722.0,18625.0,1968.0,3780.0,898.0,18767.0,2191.0,23962.0,25636.0,1674.0,6.986061263667473,14.74,3.5,8.55,73.21,11.05,3.01,8.21,77.73
Lessebo,337.0,29.0,-650.0,-6.0,29.406631762652708,34.93975903614458,-18.87888469358118,-2.3346303501945527,1146.0,83.0,3443.0,257.0,1483.0,112.0,2793.0,251.0,4929.0,4639.0,-290.0,-5.883546358287685,31.97,2.41,5.41,60.21,23.25,1.68,5.21,69.85
Lidingö,1446.0,174.0,-214.0,170.0,27.743668457405985,19.550561797752806,-1.1729883797412848,6.441834028040924,5212.0,890.0,18244.0,2639.0,6658.0,1064.0,18030.0,2809.0,26985.0,28561.0,1576.0,5.840281637947007,23.31,3.73,9.84,63.13,19.31,3.3,9.78,67.61
Lidköping,1077.0,91.0,-1439.0,93.0,42.789034564958286,21.311475409836063,-7.185658643763109,7.737104825291182,2517.0,427.0,20026.0,1202.0,3594.0,518.0,18587.0,1295.0,24172.0,23994.0,-178.0,-0.7363892106569584,14.98,2.16,5.4,77.47,10.41,1.77,4.97,82.85
Lilla Edet,760.0,79.0,-458.0,27.0,57.971014492753625,20.680628272251308,-7.799727520435967,3.506493506493506,1311.0,382.0,5872.0,770.0,2071.0,461.0,5414.0,797.0,8335.0,8743.0,408.0,4.89502099580084,23.69,5.27,9.12,61.92,15.73,4.58,9.24,70.45
Lindesberg,477.0,3.0,-1328.0,-57.0,22.34192037470726,0.7832898172323759,-12.505885676617384,-5.277777777777778,2135.0,383.0,10619.0,1080.0,2612.0,386.0,9291.0,1023.0,14217.0,13312.0,-905.0,-6.365618625589084,19.62,2.9,7.68,69.79,15.02,2.69,7.6,74.69
Linköping,7708.0,1608.0,-1120.0,1230.0,42.28891205354694,68.25127334465195,-1.519468186134853,22.53159919399157,18227.0,2356.0,73710.0,5459.0,25935.0,3964.0,72590.0,6689.0,99752.0,109178.0,9426.0,9.44943459780255,23.75,3.63,6.13,66.49,18.27,2.36,5.47,73.89
Ljungby,1229.0,94.0,-1566.0,15.0,38.466353677621285,23.918575063613233,-12.573263749498192,1.4807502467917077,3195.0,393.0,12455.0,1013.0,4424.0,487.0,10889.0,1028.0,17056.0,16828.0,-228.0,-1.3367729831144466,26.29,2.89,6.11,64.71,18.73,2.3,5.94,73.02
Ljusdal,183.0,26.0,-1185.0,43.0,14.878048780487804,38.23529411764706,-12.20140032948929,10.53921568627451,1230.0,68.0,9712.0,408.0,1413.0,94.0,8527.0,451.0,11418.0,10485.0,-933.0,-8.171308460325802,13.48,0.9,4.3,81.33,10.77,0.6,3.57,85.06
Ljusnarsberg,-79.0,-23.0,-439.0,-2.0,-14.442413162705666,-17.692307692307693,-21.477495107632095,-0.7407407407407408,547.0,130.0,2044.0,270.0,468.0,107.0,1605.0,268.0,2991.0,2448.0,-543.0,-18.154463390170513,19.12,4.37,10.95,65.56,18.29,4.35,9.03,68.34
Lomma,634.0,89.0,-54.0,112.0,50.84202085004009,31.2280701754386,-0.5076619347560403,12.727272727272727,1247.0,285.0,10637.0,880.0,1881.0,374.0,10583.0,992.0,13049.0,13830.0,781.0,5.985132960380106,13.6,2.7,7.17,76.52,9.56,2.18,6.74,81.52
Ludvika,1458.0,-66.0,-1593.0,-171.0,60.57332779393436,-14.042553191489363,-13.618876635034624,-13.432835820895523,2407.0,470.0,11697.0,1273.0,3865.0,404.0,10104.0,1102.0,15847.0,15475.0,-372.0,-2.3474474663974254,24.98,2.61,7.12,65.29,15.19,2.97,8.03,73.81
Luleå,2523.0,122.0,-2006.0,-20.0,44.773735581188994,11.030741410488245,-5.160128617363344,-0.4618937644341801,5635.0,1106.0,38875.0,4330.0,8158.0,1228.0,36869.0,4310.0,49946.0,50565.0,619.0,1.2393384855644096,16.13,2.43,8.52,72.91,11.28,2.21,8.67,77.83
Lund,7298.0,1013.0,-738.0,1242.0,40.57149210584834,41.12870483150629,-1.4031752067687042,21.387980024108835,17988.0,2463.0,52595.0,5807.0,25286.0,3476.0,51857.0,7049.0,78853.0,87668.0,8815.0,11.179029333062788,28.84,3.96,8.04,59.15,22.81,3.12,7.36,66.7
Lycksele,336.0,27.0,-768.0,31.0,44.26877470355731,44.26229508196721,-12.088776955768928,12.97071129707113,759.0,61.0,6353.0,239.0,1095.0,88.0,5585.0,270.0,7412.0,7038.0,-374.0,-5.045871559633028,15.56,1.25,3.84,79.35,10.24,0.82,3.22,85.71
Lysekil,328.0,8.0,-1235.0,-89.0,29.71014492753623,7.207207207207207,-18.167107972933216,-15.586690017513135,1104.0,111.0,6798.0,571.0,1432.0,119.0,5563.0,482.0,8584.0,7596.0,-988.0,-11.509785647716681,18.85,1.57,6.35,73.24,12.86,1.29,6.65,79.19
Malmö,24775.0,7990.0,-5913.0,2825.0,30.078793691648354,56.912885533157635,-5.778194717246636,18.87864207431168,82367.0,14039.0,102333.0,14964.0,107142.0,22029.0,96420.0,17789.0,213703.0,243380.0,29677.0,13.887030130601815,44.02,9.05,7.31,39.62,38.54,6.57,7.0,47.89
Malung-Sälen,417.0,17.0,-456.0,-17.0,71.28205128205128,34.0,-8.976377952755906,-3.9627039627039626,585.0,50.0,5080.0,429.0,1002.0,67.0,4624.0,412.0,6144.0,6105.0,-39.0,-0.634765625,16.41,1.1,6.75,75.74,9.52,0.81,6.98,82.68
Malå,149.0,4.0,-399.0,1.0,95.51282051282051,100.0,-24.0072202166065,1.5625,156.0,4.0,1662.0,64.0,305.0,8.0,1263.0,65.0,1886.0,1641.0,-245.0,-12.990455991516436,18.59,0.49,3.96,76.97,8.27,0.21,3.39,88.12
Mariestad,424.0,58.0,-697.0,14.0,25.088757396449708,18.58974358974359,-6.022638900890002,1.5625,1690.0,312.0,11573.0,896.0,2114.0,370.0,10876.0,910.0,14471.0,14270.0,-201.0,-1.3889848662842927,14.81,2.59,6.38,76.22,11.68,2.16,6.19,79.97
Mark,846.0,136.0,-1220.0,153.0,32.302405498281786,21.283255086071986,-7.655142122105792,10.186418109187748,2619.0,639.0,15937.0,1502.0,3465.0,775.0,14717.0,1655.0,20697.0,20612.0,-85.0,-0.41068753925689716,16.81,3.76,8.03,71.4,12.65,3.09,7.26,77.0
Markaryd,596.0,3.0,-572.0,-7.0,49.4195688225539,1.8867924528301887,-14.49569183983781,-1.66270783847981,1206.0,159.0,3946.0,421.0,1802.0,162.0,3374.0,414.0,5732.0,5752.0,20.0,0.34891835310537334,31.33,2.82,7.2,58.66,21.04,2.77,7.34,68.84
Mellerud,358.0,25.0,-587.0,-10.0,45.78005115089514,28.08988764044944,-14.097022094140248,-3.4965034965034967,782.0,89.0,4164.0,286.0,1140.0,114.0,3577.0,276.0,5321.0,5107.0,-214.0,-4.021800413456117,22.32,2.23,5.4,70.04,14.7,1.67,5.37,78.26
Mjölby,1379.0,79.0,-719.0,77.0,83.57575757575758,29.69924812030075,-5.234039455485186,10.185185185185185,1650.0,266.0,13737.0,756.0,3029.0,345.0,13018.0,833.0,16409.0,17225.0,816.0,4.972880736181364,17.58,2.0,4.84,75.58,10.06,1.62,4.61,83.72
Mora,526.0,22.0,-1126.0,-10.0,56.803455723542115,25.882352941176475,-10.595652583043192,-1.5197568389057752,926.0,85.0,10627.0,658.0,1452.0,107.0,9501.0,648.0,12296.0,11708.0,-588.0,-4.782042940793755,12.4,0.91,5.53,81.15,7.53,0.69,5.35,86.43
Motala,985.0,120.0,-2204.0,9.0,25.191815856777495,17.36613603473227,-10.709947033383546,0.6526468455402465,3910.0,691.0,20579.0,1379.0,4895.0,811.0,18375.0,1388.0,26559.0,25469.0,-1090.0,-4.104070183365337,19.22,3.18,5.45,72.15,14.72,2.6,5.19,77.48
Mullsjö,219.0,15.0,-267.0,24.0,47.19827586206897,21.12676056338028,-7.657011757958131,8.450704225352112,464.0,71.0,3487.0,284.0,683.0,86.0,3220.0,308.0,4306.0,4297.0,-9.0,-0.20901068276823037,15.89,2.0,7.17,74.94,10.78,1.65,6.6,80.98
Munkedal,201.0,15.0,-414.0,-24.0,28.190743338008417,17.045454545454543,-8.338368580060424,-5.542725173210162,713.0,88.0,4965.0,433.0,914.0,103.0,4551.0,409.0,6199.0,5977.0,-222.0,-3.581222777867398,15.29,1.72,6.84,76.14,11.5,1.42,6.98,80.09
Munkfors,142.0,0.0,-232.0,-8.0,59.91561181434599,0.0,-12.997198879551823,-6.451612903225806,237.0,19.0,1785.0,124.0,379.0,19.0,1553.0,116.0,2165.0,2067.0,-98.0,-4.5265588914549655,18.34,0.92,5.61,75.13,10.95,0.88,5.73,82.45
Mölndal,4231.0,806.0,295.0,509.0,57.89545703338806,53.590425531914896,1.039244698090608,15.861639139918978,7308.0,1504.0,28386.0,3209.0,11539.0,2310.0,28681.0,3718.0,40407.0,46248.0,5841.0,14.455416140767689,24.95,4.99,8.04,62.02,18.09,3.72,7.94,70.25
Mönsterås,373.0,34.0,-898.0,13.0,39.596602972399154,44.73684210526316,-13.676515382272312,3.672316384180791,942.0,76.0,6566.0,354.0,1315.0,110.0,5668.0,367.0,7938.0,7460.0,-478.0,-6.021667926429831,17.63,1.47,4.92,75.98,11.87,0.96,4.46,82.72
Mörbylånga,418.0,22.0,-253.0,3.0,68.63711001642037,27.500000000000004,-3.3558827430693725,0.7177033492822966,609.0,80.0,7539.0,418.0,1027.0,102.0,7286.0,421.0,8646.0,8836.0,190.0,2.197547999074717,11.62,1.15,4.76,82.46,7.04,0.93,4.83,87.2
Nacka,3939.0,878.0,3266.0,1220.0,28.87406538630699,29.996583532627263,8.649822554160707,21.339863564806716,13642.0,2927.0,37758.0,5717.0,17581.0,3805.0,41024.0,6937.0,60044.0,69347.0,9303.0,15.49363799880088,25.35,5.49,10.0,59.16,22.72,4.87,9.52,62.88
Nora,168.0,28.0,-486.0,9.0,21.238938053097346,22.950819672131146,-10.150375939849624,1.948051948051948,791.0,122.0,4788.0,462.0,959.0,150.0,4302.0,471.0,6163.0,5882.0,-281.0,-4.559467791659906,16.3,2.55,8.01,73.14,12.83,1.98,7.5,77.69
Norberg,-44.0,-18.0,-365.0,-32.0,-8.870967741935484,-12.0,-14.495631453534552,-9.30232558139535,496.0,150.0,2518.0,344.0,452.0,132.0,2153.0,312.0,3508.0,3049.0,-459.0,-13.084378563283922,14.82,4.33,10.23,70.61,14.14,4.28,9.81,71.78
Nordanstig,69.0,26.0,-628.0,-6.0,13.11787072243346,70.27027027027027,-12.808484601264533,-2.1739130434782608,526.0,37.0,4903.0,276.0,595.0,63.0,4275.0,270.0,5742.0,5203.0,-539.0,-9.386973180076629,11.44,1.21,5.19,82.16,9.16,0.64,4.81,85.39
Nordmaling,93.0,9.0,-405.0,1.0,24.538258575197887,33.33333333333333,-11.237513873473919,0.5076142131979695,379.0,27.0,3604.0,197.0,472.0,36.0,3199.0,198.0,4207.0,3905.0,-302.0,-7.178512003803185,12.09,0.92,5.07,81.92,9.01,0.64,4.68,85.67
Norrbottens län,5665.0,154.0,-12491.0,-1479.0,31.200088120284185,4.60939838371745,-10.154954310428929,-10.816938491918378,18157.0,3341.0,123004.0,13673.0,23822.0,3495.0,110513.0,12194.0,158175.0,150024.0,-8151.0,-5.153153153153153,15.88,2.33,8.13,73.66,11.48,2.11,8.64,77.76
Norrköping,6409.0,1568.0,-4453.0,445.0,35.70672460861329,44.38154542881404,-7.527681514664863,7.7851644506648,17949.0,3533.0,59155.0,5716.0,24358.0,5101.0,54702.0,6161.0,86353.0,90322.0,3969.0,4.5962502750338725,26.97,5.65,6.82,60.56,20.79,4.09,6.62,68.5
Norrtälje,2465.0,223.0,151.0,466.0,58.027306967984934,22.824974411463664,0.5580810880733267,16.0578911095796,4248.0,977.0,27057.0,2902.0,6713.0,1200.0,27208.0,3368.0,35184.0,38489.0,3305.0,9.393474306502956,17.44,3.12,8.75,70.69,12.07,2.78,8.25,76.9
Norsjö,100.0,-2.0,-387.0,-16.0,40.32258064516129,-16.666666666666664,-18.211764705882352,-17.391304347826086,248.0,12.0,2125.0,92.0,348.0,10.0,1738.0,76.0,2477.0,2172.0,-305.0,-12.313282196205087,16.02,0.46,3.5,80.02,10.01,0.48,3.71,85.79
Nybro,980.0,32.0,-1514.0,-9.0,50.77720207253886,14.61187214611872,-16.251610133104336,-1.495016611295681,1930.0,219.0,9316.0,602.0,2910.0,251.0,7802.0,593.0,12067.0,11556.0,-511.0,-4.234689649457198,25.18,2.17,5.13,67.51,15.99,1.81,4.99,77.2
Nykvarn,653.0,105.0,612.0,178.0,83.61075544174136,27.34375,14.315789473684209,29.372937293729372,781.0,384.0,4275.0,606.0,1434.0,489.0,4887.0,784.0,6046.0,7594.0,1548.0,25.603704928878596,18.88,6.44,10.32,64.35,12.92,6.35,10.02,70.71
Nyköping,2534.0,370.0,-1728.0,269.0,51.17124394184168,42.18928164196123,-7.08923076923077,11.481007255655143,4952.0,877.0,24375.0,2343.0,7486.0,1247.0,22647.0,2612.0,32547.0,33992.0,1445.0,4.439733308753495,22.02,3.67,7.68,66.62,15.21,2.69,7.2,74.89
Nynäshamn,1998.0,102.0,-794.0,97.0,64.99674690956408,19.653179190751445,-6.657164416869287,6.689655172413793,3074.0,519.0,11927.0,1450.0,5072.0,621.0,11133.0,1547.0,16970.0,18373.0,1403.0,8.267530936947555,27.61,3.38,8.42,60.59,18.11,3.06,8.54,70.28
Nässjö,1870.0,183.0,-1673.0,23.0,57.733868477925284,62.45733788395904,-11.973947895791582,2.8220858895705523,3239.0,293.0,13972.0,815.0,5109.0,476.0,12299.0,838.0,18319.0,18722.0,403.0,2.199901741361428,27.29,2.54,4.48,65.69,17.68,1.6,4.45,76.27
Ockelbo,112.0,6.0,-576.0,8.0,28.644501278772378,12.0,-18.95360315893386,5.095541401273886,391.0,50.0,3039.0,157.0,503.0,56.0,2463.0,165.0,3637.0,3187.0,-450.0,-12.372834753918065,15.78,1.76,5.18,77.28,10.75,1.37,4.32,83.56
Olofström,228.0,21.0,-571.0,44.0,11.710323574730355,4.595185995623632,-11.624592833876221,7.051282051282051,1947.0,457.0,4912.0,624.0,2175.0,478.0,4341.0,668.0,7940.0,7662.0,-278.0,-3.5012594458438286,28.39,6.24,8.72,56.66,24.52,5.76,7.86,61.86
Orsa,206.0,-15.0,-357.0,-2.0,53.09278350515464,-31.914893617021278,-10.205831903945112,-0.9478672985781991,388.0,47.0,3498.0,211.0,594.0,32.0,3141.0,209.0,4144.0,3976.0,-168.0,-4.054054054054054,14.94,0.8,5.26,79.0,9.36,1.13,5.09,84.41
Orust,311.0,10.0,-984.0,21.0,43.55742296918768,8.403361344537815,-12.769270698157282,3.6269430051813467,714.0,119.0,7706.0,579.0,1025.0,129.0,6722.0,600.0,9118.0,8476.0,-642.0,-7.041017767054178,12.09,1.52,7.08,79.31,7.83,1.31,6.35,84.51
Osby,541.0,30.0,-885.0,-11.0,45.120934111759794,29.7029702970297,-14.891468955073195,-2.6066350710900474,1199.0,101.0,5943.0,422.0,1740.0,131.0,5058.0,411.0,7665.0,7340.0,-325.0,-4.240052185257665,23.71,1.78,5.6,68.91,15.64,1.32,5.51,77.53
Oskarshamn,1000.0,102.0,-1522.0,28.0,44.4642063139173,37.9182156133829,-11.88319800124922,3.580562659846547,2249.0,269.0,12808.0,782.0,3249.0,371.0,11286.0,810.0,16108.0,15716.0,-392.0,-2.433573379687112,20.67,2.36,5.15,71.81,13.96,1.67,4.85,79.51
Ovanåker,207.0,-3.0,-841.0,-16.0,44.04255319148936,-7.6923076923076925,-13.630470016207456,-7.655502392344498,470.0,39.0,6170.0,209.0,677.0,36.0,5329.0,193.0,6888.0,6235.0,-653.0,-9.480255516840883,10.86,0.58,3.1,85.47,6.82,0.57,3.03,89.58
Oxelösund,281.0,8.0,-462.0,-9.0,19.432918395574,2.7491408934707904,-10.147155721502306,-1.4308426073131957,1446.0,291.0,4553.0,629.0,1727.0,299.0,4091.0,620.0,6919.0,6737.0,-182.0,-2.630437924555572,25.63,4.44,9.2,60.72,20.9,4.21,9.09,65.8
Pajala,46.0,-3.0,-405.0,-194.0,8.897485493230175,-6.521739130434782,-17.256071580741374,-28.912071535022356,517.0,46.0,2347.0,671.0,563.0,43.0,1942.0,477.0,3581.0,3025.0,-556.0,-15.526389276738342,18.61,1.42,15.77,64.2,14.44,1.28,18.74,65.54
Partille,2782.0,430.0,-928.0,136.0,65.12172284644194,37.35881841876629,-5.965160377964903,7.226354941551541,4272.0,1151.0,15557.0,1882.0,7054.0,1581.0,14629.0,2018.0,22862.0,25282.0,2420.0,10.585250634240225,27.9,6.25,7.98,57.86,18.69,5.03,8.23,68.05
Perstorp,324.0,11.0,-506.0,-27.0,31.004784688995212,7.586206896551724,-17.532917532917534,-7.758620689655173,1045.0,145.0,2886.0,348.0,1369.0,156.0,2380.0,321.0,4424.0,4226.0,-198.0,-4.475587703435805,32.39,3.69,7.6,56.32,23.62,3.28,7.87,65.24
Piteå,900.0,30.0,-1857.0,0.0,59.171597633136095,13.761467889908257,-7.972694487377641,0.0,1521.0,218.0,23292.0,1239.0,2421.0,248.0,21435.0,1239.0,26270.0,25343.0,-927.0,-3.5287400076132474,9.55,0.98,4.89,84.58,5.79,0.83,4.72,88.66
Ragunda,84.0,8.0,-389.0,-15.0,24.489795918367346,28.57142857142857,-14.673708034703886,-8.522727272727272,343.0,28.0,2651.0,176.0,427.0,36.0,2262.0,161.0,3198.0,2886.0,-312.0,-9.75609756097561,14.8,1.25,5.58,78.38,10.73,0.88,5.5,82.9
Robertsfors,147.0,11.0,-472.0,-6.0,41.64305949008499,28.947368421052634,-13.485714285714288,-2.7906976744186047,353.0,38.0,3500.0,215.0,500.0,49.0,3028.0,209.0,4106.0,3786.0,-320.0,-7.793472966390648,13.21,1.29,5.52,79.98,8.6,0.93,5.24,85.24
Ronneby,1148.0,49.0,-1710.0,-4.0,45.73705179282869,19.140625,-12.84265865565152,-0.4509582863585118,2510.0,256.0,13315.0,887.0,3658.0,305.0,11605.0,883.0,16968.0,16451.0,-517.0,-3.0469118340405466,22.24,1.85,5.37,70.54,14.79,1.51,5.23,78.47
Rättvik,189.0,18.0,-517.0,31.0,49.60629921259843,38.297872340425535,-9.391462306993642,8.985507246376812,381.0,47.0,5505.0,345.0,570.0,65.0,4988.0,376.0,6278.0,5999.0,-279.0,-4.444090474673463,9.5,1.08,6.27,83.15,6.07,0.75,5.5,87.69
Sala,823.0,23.0,-1281.0,19.0,50.274893097128896,6.460674157303371,-12.115766575238816,1.9957983193277309,1637.0,356.0,10573.0,952.0,2460.0,379.0,9292.0,971.0,13518.0,13102.0,-416.0,-3.077378310400947,18.78,2.89,7.41,70.92,12.11,2.63,7.04,78.21
Salem,1221.0,391.0,-817.0,38.0,58.25381679389313,65.16666666666666,-13.533211860195463,4.139433551198257,2096.0,600.0,6037.0,918.0,3317.0,991.0,5220.0,956.0,9651.0,10484.0,833.0,8.63122992436017,31.64,9.45,9.12,49.79,21.72,6.22,9.51,62.55
Sandviken,1769.0,44.0,-2255.0,-31.0,49.01634801884178,9.109730848861282,-12.696357187095323,-2.264426588750913,3609.0,483.0,17761.0,1369.0,5378.0,527.0,15506.0,1338.0,23222.0,22749.0,-473.0,-2.036861596761691,23.64,2.32,5.88,68.16,15.54,2.08,5.9,76.48
Sigtuna,6636.0,617.0,-2050.0,70.0,66.28708420737189,33.35135135135135,-14.326647564469914,2.9598308668076108,10011.0,1850.0,14309.0,2365.0,16647.0,2467.0,12259.0,2435.0,28535.0,33808.0,5273.0,18.479060802523218,49.24,7.3,7.2,36.26,35.08,6.48,8.29,50.15
Simrishamn,422.0,18.0,-1501.0,-20.0,31.94549583648751,13.432835820895523,-16.6796310701189,-3.007518796992481,1321.0,134.0,8999.0,665.0,1743.0,152.0,7498.0,645.0,11119.0,10038.0,-1081.0,-9.722097310909254,17.36,1.51,6.43,74.7,11.88,1.21,5.98,80.93
Sjöbo,433.0,42.0,-516.0,106.0,33.61801242236025,28.965517241379313,-5.436729533242018,16.408668730650156,1288.0,145.0,9491.0,646.0,1721.0,187.0,8975.0,752.0,11570.0,11635.0,65.0,0.5617977528089888,14.79,1.61,6.46,77.14,11.13,1.25,5.58,82.03
Skara,808.0,82.0,-1448.0,15.0,46.65127020785219,36.93693693693694,-15.704989154013017,2.4350649350649354,1732.0,222.0,9220.0,616.0,2540.0,304.0,7772.0,631.0,11790.0,11247.0,-543.0,-4.6055979643765905,22.58,2.7,5.61,69.1,14.69,1.88,5.22,78.2
Skellefteå,5998.0,106.0,-3223.0,103.0,157.1802935010482,33.97435897435898,-8.3081999329776,5.519828510182208,3816.0,312.0,38793.0,1866.0,9814.0,418.0,35570.0,1969.0,44787.0,47771.0,2984.0,6.662647643289348,20.54,0.88,4.12,74.46,8.52,0.7,4.17,86.62
Skinnskatteberg,-49.0,2.0,-219.0,11.0,-9.939148073022313,1.1904761904761905,-12.200557103064066,5.0228310502283104,493.0,168.0,1795.0,219.0,444.0,170.0,1576.0,230.0,2675.0,2420.0,-255.0,-9.532710280373832,18.35,7.02,9.5,65.12,18.43,6.28,8.19,67.1
Skurup,706.0,71.0,26.0,116.0,55.8102766798419,32.56880733944954,0.3566040323686737,17.008797653958943,1265.0,218.0,7291.0,682.0,1971.0,289.0,7317.0,798.0,9456.0,10375.0,919.0,9.718697123519458,19.0,2.79,7.69,70.53,13.38,2.31,7.21,77.1
Skåne län,73797.0,16501.0,-32412.0,7587.0,37.279119813293725,51.57690744850436,-6.0624538236366865,13.530093624609899,197958.0,31993.0,534635.0,56075.0,271755.0,48494.0,502223.0,63662.0,820661.0,886134.0,65473.0,7.978081083419342,30.67,5.47,7.18,56.68,24.12,3.9,6.83,65.15
Skövde,2257.0,411.0,-1276.0,271.0,41.64206642066421,35.73913043478261,-4.922459686752565,12.494236975564776,5420.0,1150.0,25922.0,2169.0,7677.0,1561.0,24646.0,2440.0,34661.0,36324.0,1663.0,4.797899656674649,21.13,4.3,6.72,67.85,15.64,3.32,6.26,74.79
Smedjebacken,-20.0,-18.0,-436.0,-12.0,-2.849002849002849,-7.0588235294117645,-8.69738679433473,-2.1015761821366024,702.0,255.0,5013.0,571.0,682.0,237.0,4577.0,559.0,6541.0,6055.0,-486.0,-7.43005656627427,11.26,3.91,9.23,75.59,10.73,3.9,8.73,76.64
Sollefteå,284.0,10.0,-1777.0,-45.0,20.170454545454543,9.090909090909092,-18.19950839819746,-8.442776735459661,1408.0,110.0,9764.0,533.0,1692.0,120.0,7987.0,488.0,11815.0,10287.0,-1528.0,-12.932712653406686,16.45,1.17,4.74,77.64,11.92,0.93,4.51,82.64
Sollentuna,6267.0,1092.0,-1708.0,401.0,50.86024995942218,46.60691421254802,-6.833093294927188,11.302142051860203,12322.0,2343.0,24996.0,3548.0,18589.0,3435.0,23288.0,3949.0,43209.0,49261.0,6052.0,14.006341271494366,37.74,6.97,8.02,47.27,28.52,5.42,8.21,57.85
Solna,7253.0,1998.0,-2173.0,666.0,42.39041496201052,57.66233766233766,-8.032380881972424,14.916013437849946,17110.0,3465.0,27053.0,4465.0,24363.0,5463.0,24880.0,5131.0,52093.0,59837.0,7744.0,14.86572092219684,40.72,9.13,8.57,41.58,32.85,6.65,8.57,51.93
Sorsele,55.0,-1.0,-233.0,-6.0,28.350515463917525,-12.5,-18.38989739542226,-10.909090909090908,194.0,8.0,1267.0,55.0,249.0,7.0,1034.0,49.0,1524.0,1339.0,-185.0,-12.139107611548557,18.6,0.52,3.66,77.22,12.73,0.52,3.61,83.14
Sotenäs,218.0,19.0,-649.0,-8.0,42.745098039215684,37.254901960784316,-14.603960396039604,-2.0460358056265986,510.0,51.0,4444.0,391.0,728.0,70.0,3795.0,383.0,5396.0,4976.0,-420.0,-7.783543365455893,14.63,1.41,7.7,76.27,9.45,0.95,7.25,82.36
Staffanstorp,1535.0,316.0,196.0,300.0,75.95249876298863,74.3529411764706,1.9056878949927076,32.327586206896555,2021.0,425.0,10285.0,928.0,3556.0,741.0,10481.0,1228.0,13659.0,16006.0,2347.0,17.182809868950873,22.22,4.63,7.67,65.48,14.8,3.11,6.79,75.3
Stenungsund,833.0,70.0,170.0,148.0,49.61286480047647,22.727272727272727,1.3735153914518865,12.39530988274707,1679.0,308.0,12377.0,1194.0,2512.0,378.0,12547.0,1342.0,15558.0,16779.0,1221.0,7.848052448900887,14.97,2.25,8.0,74.78,10.79,1.98,7.67,79.55
Stockholm,36357.0,13918.0,-12295.0,6267.0,20.50800419670356,40.3537257175993,-3.428075927908637,10.831316972001384,177282.0,34490.0,358656.0,57860.0,213639.0,48408.0,346361.0,64127.0,628288.0,672535.0,44247.0,7.0424709687277165,31.77,7.2,9.54,51.5,28.22,5.49,9.21,57.08
Stockholms län,138639.0,34400.0,-25502.0,15656.0,33.843776547441195,40.90611808074202,-3.098844161020327,12.2706502911693,409644.0,84095.0,822952.0,127589.0,548283.0,118495.0,797450.0,143245.0,1444280.0,1607473.0,163193.0,11.299263300745007,34.11,7.37,8.91,49.61,28.36,5.82,8.83,56.98
Storfors,-128.0,-16.0,-244.0,-5.0,-26.94736842105263,-11.76470588235294,-14.260666277030975,-2.4390243902439024,475.0,136.0,1711.0,205.0,347.0,120.0,1467.0,200.0,2527.0,2134.0,-393.0,-15.55203798971112,16.26,5.62,9.37,68.74,18.8,5.38,8.11,67.71
Storuman,150.0,-1.0,-517.0,-31.0,56.60377358490566,-5.263157894736842,-16.682800903517265,-19.871794871794872,265.0,19.0,3099.0,156.0,415.0,18.0,2582.0,125.0,3539.0,3140.0,-399.0,-11.274371291325233,13.22,0.57,3.98,82.23,7.49,0.54,4.41,87.57
Strängnäs,1861.0,218.0,103.0,256.0,60.0128990648178,29.863013698630137,0.684931506849315,14.39820022497188,3101.0,730.0,15038.0,1778.0,4962.0,948.0,15141.0,2034.0,20647.0,23085.0,2438.0,11.808010849033758,21.49,4.11,8.81,65.59,15.02,3.54,8.61,72.83
Strömstad,618.0,67.0,-676.0,-38.0,26.881252718573297,50.75757575757576,-14.019079220240563,-5.121293800539084,2299.0,132.0,4822.0,742.0,2917.0,199.0,4146.0,704.0,7995.0,7966.0,-29.0,-0.3627267041901188,36.62,2.5,8.84,52.05,28.76,1.65,9.28,60.31
Strömsund,133.0,5.0,-1068.0,-40.0,16.08222490931076,12.195121951219512,-18.007081436519982,-13.422818791946309,827.0,41.0,5931.0,298.0,960.0,46.0,4863.0,258.0,7097.0,6127.0,-970.0,-13.667746935324784,15.67,0.75,4.21,79.37,11.65,0.58,4.2,83.57
Sundbyberg,5348.0,1835.0,389.0,727.0,50.52432687765707,83.44702137335153,2.4948691636736786,28.254955305091332,10585.0,2199.0,15592.0,2573.0,15933.0,4034.0,15981.0,3300.0,30949.0,39248.0,8299.0,26.81508287828363,40.6,10.28,8.41,40.72,34.2,7.11,8.31,50.38
Sundsvall,2246.0,236.0,-3465.0,149.0,30.49558723693143,24.868282402528976,-6.985464588835352,4.397874852420307,7365.0,949.0,49603.0,3388.0,9611.0,1185.0,46138.0,3537.0,61305.0,60471.0,-834.0,-1.3604110594568142,15.89,1.96,5.85,76.3,12.01,1.55,5.53,80.91
Sunne,375.0,-20.0,-707.0,-18.0,50.67567567567568,-21.73913043478261,-10.218239630004335,-4.008908685968819,740.0,92.0,6919.0,449.0,1115.0,72.0,6212.0,431.0,8200.0,7830.0,-370.0,-4.512195121951219,14.24,0.92,5.5,79.34,9.02,1.12,5.48,84.38
Surahammar,-59.0,-57.0,-223.0,-24.0,-4.863973619126134,-11.003861003861005,-6.161923183199779,-3.64741641337386,1213.0,518.0,3619.0,658.0,1154.0,461.0,3396.0,634.0,6008.0,5645.0,-363.0,-6.041944074567244,20.44,8.17,11.23,60.16,20.19,8.62,10.95,60.24
Svalöv,736.0,48.0,-344.0,46.0,51.07564191533657,21.62162162162162,-5.55824850541283,7.232704402515723,1441.0,222.0,6189.0,636.0,2177.0,270.0,5845.0,682.0,8488.0,8974.0,486.0,5.725730442978323,24.26,3.01,7.6,65.13,16.98,2.62,7.49,72.91
Svedala,1023.0,258.0,-178.0,176.0,74.61706783369803,80.12422360248446,-1.8056400892676,19.4905869324474,1371.0,322.0,9858.0,903.0,2394.0,580.0,9680.0,1079.0,12454.0,13733.0,1279.0,10.269792837642525,17.43,4.22,7.86,70.49,11.01,2.59,7.25,79.16
Svenljunga,283.0,18.0,-485.0,28.0,31.47942157953281,8.61244019138756,-10.223440134907252,6.047516198704104,899.0,209.0,4744.0,463.0,1182.0,227.0,4259.0,491.0,6315.0,6159.0,-156.0,-2.470308788598575,19.19,3.69,7.97,69.15,14.24,3.31,7.33,75.12
Säffle,456.0,21.0,-1084.0,-13.0,42.066420664206646,22.105263157894736,-14.591465876968638,-2.53411306042885,1084.0,95.0,7429.0,513.0,1540.0,116.0,6345.0,500.0,9121.0,8501.0,-620.0,-6.797500274092753,18.12,1.36,5.88,74.64,11.88,1.04,5.62,81.45
Säter,219.0,-8.0,-680.0,-18.0,48.451327433628315,-9.75609756097561,-11.701944587850628,-4.195804195804196,452.0,82.0,5811.0,429.0,671.0,74.0,5131.0,411.0,6774.0,6287.0,-487.0,-7.189253026276941,10.67,1.18,6.54,81.61,6.67,1.21,6.33,85.78
Sävsjö,537.0,37.0,-720.0,31.0,44.60132890365448,38.94736842105263,-14.246141669964384,10.652920962199312,1204.0,95.0,5054.0,291.0,1741.0,132.0,4334.0,322.0,6644.0,6529.0,-115.0,-1.7308850090307044,26.67,2.02,4.93,66.38,18.12,1.43,4.38,76.07
Söderhamn,548.0,20.0,-2337.0,24.0,31.878999418266435,10.1010101010101,-18.085435691069492,3.4732272069464547,1719.0,198.0,12922.0,691.0,2267.0,218.0,10585.0,715.0,15530.0,13785.0,-1745.0,-11.236316806181584,16.45,1.58,5.19,76.79,11.07,1.27,4.45,83.21
Söderköping,210.0,18.0,-690.0,43.0,39.84819734345351,14.399999999999999,-9.131815775542615,9.47136563876652,527.0,125.0,7556.0,454.0,737.0,143.0,6866.0,497.0,8662.0,8243.0,-419.0,-4.83722004156084,8.94,1.73,6.03,83.29,6.08,1.44,5.24,87.23
Södermanlands län,12450.0,1651.0,-9687.0,956.0,35.751206064782906,21.581699346405227,-8.329750460040932,7.024763024469101,34824.0,7650.0,116294.0,13609.0,47274.0,9301.0,106607.0,14565.0,172377.0,177747.0,5370.0,3.115264797507788,26.6,5.23,8.19,59.98,20.2,4.44,7.89,67.46
Södertälje,10148.0,1885.0,-5173.0,12.0,38.80836743278901,32.07418751063468,-21.99872421858388,0.2786162061759926,26149.0,5877.0,23515.0,4307.0,36297.0,7762.0,18342.0,4319.0,59848.0,66720.0,6872.0,11.482422136078064,54.4,11.63,6.47,27.49,43.69,9.82,7.2,39.29
Sölvesborg,180.0,51.0,-411.0,85.0,12.921751615218952,28.49162011173184,-5.033063923585599,15.711645101663585,1393.0,179.0,8166.0,541.0,1573.0,230.0,7755.0,626.0,10279.0,10184.0,-95.0,-0.9242144177449169,15.45,2.26,6.15,76.15,13.55,1.74,5.26,79.44
Tanum,239.0,12.0,-665.0,10.0,26.914414414414416,16.666666666666664,-10.977220204688015,1.9801980198019802,888.0,72.0,6058.0,505.0,1127.0,84.0,5393.0,515.0,7523.0,7119.0,-404.0,-5.37019805928486,15.83,1.18,7.23,75.76,11.8,0.96,6.71,80.53
Tibro,378.0,58.0,-387.0,-6.0,38.028169014084504,46.774193548387096,-7.601649970536241,-1.7595307917888565,994.0,124.0,5091.0,341.0,1372.0,182.0,4704.0,335.0,6550.0,6593.0,43.0,0.6564885496183206,20.81,2.76,5.08,71.35,15.18,1.89,5.21,77.73
Tidaholm,190.0,35.0,-538.0,-6.0,22.37926972909305,30.17241379310345,-8.381367814301292,-1.4285714285714286,849.0,116.0,6419.0,420.0,1039.0,151.0,5881.0,414.0,7804.0,7485.0,-319.0,-4.087647360328036,13.88,2.02,5.53,78.57,10.88,1.49,5.38,82.25
Tierp,649.0,50.0,-874.0,66.0,46.85920577617328,20.491803278688526,-8.668055142318755,8.764940239043826,1385.0,244.0,10083.0,753.0,2034.0,294.0,9209.0,819.0,12465.0,12356.0,-109.0,-0.8744484556758926,16.46,2.38,6.63,74.53,11.11,1.96,6.04,80.89
Timrå,248.0,14.0,-767.0,29.0,21.98581560283688,7.777777777777778,-8.443416996917657,4.833333333333333,1128.0,180.0,9084.0,600.0,1376.0,194.0,8317.0,629.0,10992.0,10516.0,-476.0,-4.330422125181951,13.08,1.84,5.98,79.09,10.26,1.64,5.46,82.64
Tingsryd,522.0,28.0,-987.0,-5.0,49.80916030534351,35.8974358974359,-17.186139648267456,-1.41643059490085,1048.0,78.0,5743.0,353.0,1570.0,106.0,4756.0,348.0,7222.0,6780.0,-442.0,-6.120188313486569,23.16,1.56,5.13,70.15,14.51,1.08,4.89,79.52
Tjörn,305.0,33.0,-839.0,52.0,39.661898569570866,25.78125,-10.604145601617795,9.13884007029877,769.0,128.0,7912.0,569.0,1074.0,161.0,7073.0,621.0,9378.0,8929.0,-449.0,-4.787801236937513,12.03,1.8,6.95,79.21,8.2,1.36,6.07,84.37
Tomelilla,494.0,65.0,-596.0,44.0,51.9453207150368,65.0,-9.253221549448844,11.891891891891893,951.0,100.0,6441.0,370.0,1445.0,165.0,5845.0,414.0,7862.0,7869.0,7.0,0.08903586873569067,18.36,2.1,5.26,74.28,12.1,1.27,4.71,81.93
Torsby,219.0,2.0,-1039.0,-52.0,22.93193717277487,3.8461538461538463,-18.215287517531557,-9.027777777777777,955.0,52.0,5704.0,576.0,1174.0,54.0,4665.0,524.0,7287.0,6417.0,-870.0,-11.939069575957184,18.3,0.84,8.17,72.7,13.11,0.71,7.9,78.28
Torsås,121.0,17.0,-396.0,19.0,28.13953488372093,48.57142857142857,-11.23404255319149,10.919540229885058,430.0,35.0,3525.0,174.0,551.0,52.0,3129.0,193.0,4164.0,3925.0,-239.0,-5.7396733909702204,14.04,1.32,4.92,79.72,10.33,0.84,4.18,84.65
Tranemo,404.0,60.0,-751.0,18.0,34.97835497835498,28.436018957345972,-14.450644602655377,3.614457831325301,1155.0,211.0,5197.0,498.0,1559.0,271.0,4446.0,516.0,7061.0,6792.0,-269.0,-3.8096586885710235,22.95,3.99,7.6,65.46,16.36,2.99,7.05,73.6
Tranås,800.0,62.0,-1075.0,-15.0,52.66622778143516,44.927536231884055,-12.217297420161383,-2.912621359223301,1519.0,138.0,8799.0,515.0,2319.0,200.0,7724.0,500.0,10971.0,10743.0,-228.0,-2.0782061799289036,21.59,1.86,4.65,71.9,13.85,1.26,4.69,80.2
Trelleborg,1784.0,421.0,-619.0,302.0,35.708566853482786,43.135245901639344,-3.2983428358288482,15.07738392411383,4996.0,976.0,18767.0,2003.0,6780.0,1397.0,18148.0,2305.0,26742.0,28630.0,1888.0,7.060055343654177,23.68,4.88,8.05,63.39,18.68,3.65,7.49,70.18
Trollhättan,2321.0,599.0,-2441.0,160.0,27.846430713857227,35.4647720544701,-10.301751424351128,6.4646464646464645,8335.0,1689.0,23695.0,2475.0,10656.0,2288.0,21254.0,2635.0,36194.0,36833.0,639.0,1.7654859921533954,28.93,6.21,7.15,57.7,23.03,4.67,6.84,65.47
Trosa,552.0,123.0,409.0,184.0,54.980079681274894,42.857142857142854,7.735956118781918,29.346092503987244,1004.0,287.0,5287.0,627.0,1556.0,410.0,5696.0,811.0,7205.0,8473.0,1268.0,17.59888965995836,18.36,4.84,9.57,67.23,13.93,3.98,8.7,73.38
Tyresö,1587.0,261.0,370.0,365.0,30.773705642815592,18.125,2.0030316154179295,12.700069589422409,5157.0,1440.0,18472.0,2874.0,6744.0,1701.0,18842.0,3239.0,27943.0,30526.0,2583.0,9.243817771892783,22.09,5.57,10.61,61.72,18.46,5.15,10.29,66.11
Täby,4270.0,608.0,1589.0,792.0,54.88431876606684,39.97370151216305,5.852239245727755,21.204819277108435,7780.0,1521.0,27152.0,3735.0,12050.0,2129.0,28741.0,4527.0,40188.0,47447.0,7259.0,18.062605752961083,25.4,4.49,9.54,60.57,19.36,3.78,9.29,67.56
Töreboda,252.0,1.0,-630.0,-4.0,37.16814159292036,1.4285714285714286,-13.636363636363635,-1.532567049808429,678.0,70.0,4620.0,261.0,930.0,71.0,3990.0,257.0,5629.0,5248.0,-381.0,-6.768520163439332,17.72,1.35,4.9,76.03,12.04,1.24,4.64,82.07
Uddevalla,2524.0,349.0,-2071.0,37.0,46.15103309562991,43.95465994962217,-8.4142526307236,1.5391014975041597,5469.0,794.0,24613.0,2404.0,7993.0,1143.0,22542.0,2441.0,33280.0,34119.0,839.0,2.5210336538461537,23.43,3.35,7.15,66.07,16.43,2.39,7.22,73.96
Ulricehamn,820.0,67.0,-559.0,98.0,46.590909090909086,19.705882352941178,-5.009409445290797,10.901001112347053,1760.0,340.0,11159.0,899.0,2580.0,407.0,10600.0,997.0,14158.0,14584.0,426.0,3.0088995620850403,17.69,2.79,6.84,72.68,12.43,2.4,6.35,78.82
Umeå,4979.0,578.0,554.0,742.0,48.148148148148145,43.55689525244914,0.8559950556242275,15.717009108239779,10341.0,1327.0,64720.0,4721.0,15320.0,1905.0,65274.0,5463.0,81109.0,87962.0,6853.0,8.449124018296367,17.42,2.17,6.21,74.21,12.75,1.64,5.82,79.79
Upplands Väsby,5696.0,621.0,-1621.0,112.0,66.14795029613285,31.797235023041477,-11.483423066024368,4.5939294503691555,8611.0,1953.0,14116.0,2438.0,14307.0,2574.0,12495.0,2550.0,27118.0,31926.0,4808.0,17.729921085625783,44.81,8.06,7.99,39.14,31.75,7.2,8.99,52.05
Upplands-Bro,4391.0,524.0,-581.0,165.0,94.69484580547768,52.55767301905717,-6.392342391902299,11.293634496919918,4637.0,997.0,9089.0,1461.0,9028.0,1521.0,8508.0,1626.0,16184.0,20683.0,4499.0,27.799060800790905,43.65,7.35,7.86,41.14,28.65,6.16,9.03,56.16
Uppsala,16910.0,2480.0,1709.0,2548.0,55.71296784396416,49.313978922250946,1.8188397313779123,24.728260869565215,30352.0,5029.0,93961.0,10304.0,47262.0,7509.0,95670.0,12852.0,139646.0,163293.0,23647.0,16.933531930739154,28.94,4.6,7.87,58.59,21.73,3.6,7.38,67.29
Uppsala län,24274.0,3118.0,358.0,3522.0,58.74779157288415,40.556711758584804,0.22167868974271648,20.913247431862718,41319.0,7688.0,161495.0,16841.0,65593.0,10806.0,161853.0,20363.0,227343.0,258615.0,31272.0,13.755426822026628,25.36,4.18,7.87,62.58,18.17,3.38,7.41,71.04
Uppvidinge,380.0,1.0,-713.0,2.0,33.21678321678322,1.0869565217391304,-17.65725606736008,0.7017543859649122,1144.0,92.0,4038.0,285.0,1524.0,93.0,3325.0,287.0,5559.0,5229.0,-330.0,-5.936319481921209,29.15,1.78,5.49,63.59,20.58,1.65,5.13,72.64
Vadstena,96.0,9.0,-385.0,25.0,24.427480916030532,16.666666666666664,-10.44776119402985,14.124293785310735,393.0,54.0,3685.0,177.0,489.0,63.0,3300.0,202.0,4309.0,4054.0,-255.0,-5.9178463680668365,12.06,1.55,4.98,81.4,9.12,1.25,4.11,85.52
Vaggeryd,720.0,134.0,-167.0,21.0,48.55023600809171,67.0,-2.8001341381623073,4.697986577181208,1483.0,200.0,5964.0,447.0,2203.0,334.0,5797.0,468.0,8094.0,8802.0,708.0,8.747220163083766,25.03,3.79,5.32,65.86,18.32,2.47,5.52,73.68
Valdemarsvik,126.0,0.0,-639.0,19.0,29.85781990521327,0.0,-16.301020408163268,9.405940594059405,422.0,61.0,3920.0,202.0,548.0,61.0,3281.0,221.0,4605.0,4111.0,-494.0,-10.727470141150922,13.33,1.48,5.38,79.81,9.16,1.32,4.39,85.12
Vallentuna,1536.0,229.0,146.0,261.0,49.6124031007752,35.50387596899225,1.028458720766413,14.654688377316113,3096.0,645.0,14196.0,1781.0,4632.0,874.0,14342.0,2042.0,19718.0,21890.0,2172.0,11.015315954965006,21.16,3.99,9.33,65.52,15.7,3.27,9.03,72.0
Vansbro,249.0,3.0,-340.0,-15.0,91.54411764705883,10.0,-9.857929834734707,-6.41025641025641,272.0,30.0,3449.0,234.0,521.0,33.0,3109.0,219.0,3985.0,3882.0,-103.0,-2.5846925972396484,13.42,0.85,5.64,80.09,6.83,0.75,5.87,86.55
Vara,544.0,33.0,-795.0,103.0,58.620689655172406,23.076923076923077,-9.8806860551827,20.934959349593495,928.0,143.0,8046.0,492.0,1472.0,176.0,7251.0,595.0,9609.0,9494.0,-115.0,-1.1967946716619835,15.5,1.85,6.27,76.37,9.66,1.49,5.12,83.73
Varberg,1831.0,342.0,300.0,417.0,41.77503992699065,46.97802197802198,0.9997000899730081,18.682795698924732,4383.0,728.0,30009.0,2232.0,6214.0,1070.0,30309.0,2649.0,37352.0,40242.0,2890.0,7.737202827157849,15.44,2.66,6.58,75.32,11.73,1.95,5.98,80.34
Vaxholm,95.0,16.0,-43.0,48.0,11.189634864546525,8.938547486033519,-0.8375535644721466,7.59493670886076,849.0,179.0,5134.0,632.0,944.0,195.0,5091.0,680.0,6794.0,6910.0,116.0,1.7073888725345894,13.66,2.82,9.84,73.68,12.5,2.63,9.3,75.57
Vellinge,812.0,215.0,75.0,279.0,43.49223352972684,55.412371134020624,0.4600380298104644,18.88964116452268,1867.0,388.0,16303.0,1477.0,2679.0,603.0,16378.0,1756.0,20035.0,21416.0,1381.0,6.892937359620664,12.51,2.82,8.2,76.48,9.32,1.94,7.37,81.37
Vetlanda,1217.0,51.0,-1580.0,-48.0,52.2990975504942,20.481927710843372,-12.436048799685164,-5.607476635514018,2327.0,249.0,12705.0,856.0,3544.0,300.0,11125.0,808.0,16137.0,15777.0,-360.0,-2.230897936419409,22.46,1.9,5.12,70.51,14.42,1.54,5.3,78.73
Vilhelmina,5.0,-5.0,-509.0,2.0,1.4534883720930232,-16.129032258064516,-14.127116291978906,1.680672268907563,344.0,31.0,3603.0,119.0,349.0,26.0,3094.0,121.0,4097.0,3590.0,-507.0,-12.374908469611912,9.72,0.72,3.37,86.18,8.4,0.76,2.9,87.94
Vimmerby,602.0,33.0,-1091.0,24.0,62.448132780082986,37.07865168539326,-13.757881462799496,6.976744186046512,964.0,89.0,7930.0,344.0,1566.0,122.0,6839.0,368.0,9327.0,8895.0,-432.0,-4.631714377613381,17.61,1.37,4.14,76.89,10.34,0.95,3.69,85.02
Vindeln,171.0,11.0,-339.0,5.0,57.38255033557047,73.33333333333333,-12.560207484253427,3.64963503649635,298.0,15.0,2699.0,137.0,469.0,26.0,2360.0,142.0,3149.0,2997.0,-152.0,-4.826929183867894,15.65,0.87,4.74,78.75,9.46,0.48,4.35,85.71
Vingåker,144.0,30.0,-519.0,-3.0,21.08345534407028,35.714285714285715,-12.41329825400622,-0.8064516129032258,683.0,84.0,4181.0,372.0,827.0,114.0,3662.0,369.0,5320.0,4972.0,-348.0,-6.541353383458646,16.63,2.29,7.42,73.65,12.84,1.58,6.99,78.59
Vänersborg,1548.0,325.0,-1457.0,132.0,46.45858343337335,75.5813953488372,-8.137846291331547,9.109730848861282,3332.0,430.0,17904.0,1449.0,4880.0,755.0,16447.0,1581.0,23115.0,23663.0,548.0,2.3707549210469394,20.62,3.19,6.68,69.51,14.41,1.86,6.27,77.46
Vännäs,279.0,10.0,-166.0,22.0,75.0,29.411764705882355,-3.6205016357688113,9.734513274336283,372.0,34.0,4585.0,226.0,651.0,44.0,4419.0,248.0,5217.0,5362.0,145.0,2.7793751198006516,12.14,0.82,4.63,82.41,7.13,0.65,4.33,87.89
Värmdö,1579.0,74.0,1485.0,312.0,46.785185185185185,7.007575757575757,8.166070937585923,11.885714285714286,3375.0,1056.0,18185.0,2625.0,4954.0,1130.0,19670.0,2937.0,25241.0,28691.0,3450.0,13.668238183907135,17.27,3.94,10.24,68.56,13.37,4.18,10.4,72.05
Värmlands län,7812.0,638.0,-11158.0,-23.0,35.15751575157516,22.496473906911145,-8.311607049744499,-0.1890669954788327,22220.0,2836.0,134246.0,12165.0,30032.0,3474.0,123088.0,12142.0,171467.0,168736.0,-2731.0,-1.5927262971883804,17.8,2.06,7.2,72.95,12.96,1.65,7.09,78.29
Värnamo,1123.0,284.0,-1463.0,23.0,24.140154772141013,38.9041095890411,-10.36486007793128,1.8729641693811077,4652.0,730.0,14115.0,1228.0,5775.0,1014.0,12652.0,1251.0,20725.0,20692.0,-33.0,-0.15922798552472858,27.91,4.9,6.05,61.14,22.45,3.52,5.93,68.11
Västerbottens län,12556.0,753.0,-7582.0,873.0,69.58545776989581,39.52755905511811,-5.418075018400875,10.62043795620438,18044.0,1905.0,139939.0,8220.0,30600.0,2658.0,132357.0,9093.0,168108.0,174708.0,6600.0,3.9260475408665862,17.51,1.52,5.2,75.76,10.73,1.13,4.89,83.24
Västernorrlands län,5432.0,377.0,-13107.0,162.0,32.8714069591528,19.43298969072165,-10.590231487092474,2.1451271186440675,16525.0,1940.0,123765.0,7552.0,21957.0,2317.0,110658.0,7714.0,149782.0,142646.0,-7136.0,-4.764257387403026,15.39,1.62,5.41,77.58,11.03,1.3,5.04,82.63
Västervik,903.0,105.0,-2494.0,-29.0,39.14174252275683,36.58536585365854,-13.83633841886269,-2.7410207939508506,2307.0,287.0,18025.0,1058.0,3210.0,392.0,15531.0,1029.0,21677.0,20162.0,-1515.0,-6.988974489089819,15.92,1.94,5.1,77.03,10.64,1.32,4.88,83.15
Västerås,10307.0,1435.0,-3651.0,566.0,48.61333836430525,28.37650781095511,-6.3862165471401084,7.031929432227606,21202.0,5057.0,57170.0,8049.0,31509.0,6492.0,53519.0,8615.0,91478.0,100135.0,8657.0,9.463477557445506,31.47,6.48,8.6,53.45,23.18,5.53,8.8,62.5
Västmanlands län,13000.0,1451.0,-8762.0,561.0,38.086309436615586,16.384372177055102,-8.267987732955886,3.8767189551516825,34133.0,8856.0,105975.0,14471.0,47133.0,10307.0,97213.0,15032.0,163435.0,169685.0,6250.0,3.8241502738091597,27.78,6.07,8.86,57.29,20.88,5.42,8.85,64.84
Västra Götalands län,84336.0,16797.0,-45764.0,6380.0,40.55824332252883,41.39435161910395,-6.334477112195986,8.337798455285615,207938.0,40578.0,722459.0,76519.0,292274.0,57375.0,676695.0,82899.0,1047494.0,1109243.0,61749.0,5.894926367120003,26.35,5.17,7.47,61.01,19.85,3.87,7.3,68.97
Växjö,5098.0,965.0,-1082.0,671.0,45.027380321497965,66.50585802894555,-2.724274240249767,21.750405186385738,11322.0,1451.0,39717.0,3085.0,16420.0,2416.0,38635.0,3756.0,55575.0,61227.0,5652.0,10.17004048582996,26.82,3.95,6.13,63.1,20.37,2.61,5.55,71.47
Vårgårda,618.0,79.0,-211.0,9.0,77.83375314861462,58.95522388059702,-3.8616398243045387,1.7408123791102514,794.0,134.0,5464.0,517.0,1412.0,213.0,5253.0,526.0,6909.0,7404.0,495.0,7.164567954841511,19.07,2.88,7.1,70.95,11.49,1.94,7.48,79.09
Ydre,45.0,3.0,-230.0,9.0,21.5311004784689,25.0,-12.679162072767364,8.737864077669903,209.0,12.0,1814.0,103.0,254.0,15.0,1584.0,112.0,2138.0,1965.0,-173.0,-8.091674462114124,12.93,0.76,5.7,80.61,9.78,0.56,4.82,84.85
Ystad,841.0,90.0,-339.0,118.0,46.74819344080044,32.49097472924188,-2.3440741252938735,11.411992263056092,1799.0,277.0,14462.0,1034.0,2640.0,367.0,14123.0,1152.0,17572.0,18282.0,710.0,4.040519007511951,14.44,2.01,6.3,77.25,10.24,1.58,5.88,82.3
Älmhult,1524.0,25.0,-960.0,17.0,76.54445002511301,16.33986928104575,-13.498312710911136,3.462321792260693,1991.0,153.0,7112.0,491.0,3515.0,178.0,6152.0,508.0,9747.0,10353.0,606.0,6.2172976300400125,33.95,1.72,4.91,59.42,20.43,1.57,5.04,72.97
Älvdalen,145.0,11.0,-352.0,-48.0,44.47852760736196,137.5,-9.76150859678314,-19.591836734693878,326.0,8.0,3606.0,245.0,471.0,19.0,3254.0,197.0,4185.0,3941.0,-244.0,-5.830346475507766,11.95,0.48,5.0,82.57,7.79,0.19,5.85,86.16
Älvkarleby,193.0,18.0,-351.0,4.0,24.064837905236907,10.588235294117647,-8.08383233532934,1.1730205278592376,802.0,170.0,4342.0,341.0,995.0,188.0,3991.0,345.0,5655.0,5519.0,-136.0,-2.404951370468612,18.03,3.41,6.25,72.31,14.18,3.01,6.03,76.78
Älvsbyn,211.0,16.0,-596.0,-18.0,47.098214285714285,47.05882352941176,-14.04997642621405,-9.94475138121547,448.0,34.0,4242.0,181.0,659.0,50.0,3646.0,163.0,4905.0,4518.0,-387.0,-7.889908256880735,14.59,1.11,3.61,80.7,9.13,0.69,3.69,86.48
Ängelholm,1642.0,188.0,-398.0,203.0,51.945586839607714,40.17094017094017,-2.0338290152792684,12.280701754385964,3161.0,468.0,19569.0,1653.0,4803.0,656.0,19171.0,1856.0,24851.0,26486.0,1635.0,6.579212104140679,18.13,2.48,7.01,72.38,12.72,1.88,6.65,78.75
Åmål,283.0,34.0,-905.0,-49.0,27.529182879377434,38.20224719101123,-15.66014881467382,-10.31578947368421,1028.0,89.0,5779.0,475.0,1311.0,123.0,4874.0,426.0,7371.0,6734.0,-637.0,-8.641975308641975,19.47,1.83,6.33,72.38,13.95,1.21,6.44,78.4
Ånge,119.0,12.0,-662.0,-10.0,25.591397849462368,27.27272727272727,-13.200398803589234,-3.558718861209965,465.0,44.0,5015.0,281.0,584.0,56.0,4353.0,271.0,5805.0,5264.0,-541.0,-9.319552110249784,11.09,1.06,5.15,82.69,8.01,0.76,4.84,86.39
Åre,485.0,7.0,677.0,48.0,73.82039573820396,9.722222222222223,11.898066783831283,9.393346379647749,657.0,72.0,5690.0,511.0,1142.0,79.0,6367.0,559.0,6930.0,8147.0,1217.0,17.561327561327563,14.02,0.97,6.86,78.15,9.48,1.04,7.37,82.11
Årjäng,246.0,10.0,-463.0,-2.0,18.566037735849054,11.76470588235294,-11.446229913473424,-0.3703703703703704,1325.0,85.0,4045.0,540.0,1571.0,95.0,3582.0,538.0,5995.0,5786.0,-209.0,-3.486238532110092,27.15,1.64,9.3,61.91,22.1,1.42,9.01,67.47
Åsele,65.0,2.0,-231.0,7.0,32.01970443349754,22.22222222222222,-16.8736303871439,15.217391304347828,203.0,9.0,1369.0,46.0,268.0,11.0,1138.0,53.0,1627.0,1470.0,-157.0,-9.649661954517518,18.23,0.75,3.61,77.41,12.48,0.55,2.83,84.14
Åstorp,1211.0,180.0,-779.0,4.0,48.07463279079,46.51162790697674,-13.336757404554014,0.591715976331361,2519.0,387.0,5841.0,676.0,3730.0,567.0,5062.0,680.0,9423.0,10039.0,616.0,6.537196222009975,37.16,5.65,6.77,50.42,26.73,4.11,7.17,61.99
Åtvidaberg,219.0,19.0,-579.0,-24.0,42.69005847953216,34.54545454545455,-9.598806366047745,-7.5,513.0,55.0,6032.0,320.0,732.0,74.0,5453.0,296.0,6920.0,6555.0,-365.0,-5.27456647398844,11.17,1.13,4.52,83.19,7.41,0.79,4.62,87.17
Öckerö,191.0,-1.0,-506.0,-26.0,47.75,-1.4705882352941175,-7.63543081333937,-4.905660377358491,400.0,68.0,6627.0,530.0,591.0,67.0,6121.0,504.0,7625.0,7283.0,-342.0,-4.485245901639344,8.11,0.92,6.92,84.05,5.25,0.89,6.95,86.91
Ödeshög,113.0,4.0,-335.0,-3.0,35.646687697160885,10.0,-12.551517422255525,-2.307692307692308,317.0,40.0,2669.0,130.0,430.0,44.0,2334.0,127.0,3156.0,2935.0,-221.0,-7.002534854245882,14.65,1.5,4.33,79.52,10.04,1.27,4.12,84.57
Örebro,7625.0,2405.0,-1506.0,762.0,41.60982264665758,69.30835734870317,-2.347549569771792,12.430668841761827,18325.0,3470.0,64152.0,6130.0,25950.0,5875.0,62646.0,6892.0,92077.0,101363.0,9286.0,10.085037522942754,25.6,5.8,6.8,61.8,19.9,3.77,6.66,69.67
Örebro län,11338.0,2585.0,-8417.0,731.0,37.17742728792996,43.76163873370577,-6.393758925587189,5.824701195219124,30497.0,5907.0,131644.0,12550.0,41835.0,8492.0,123227.0,13281.0,180598.0,186835.0,6237.0,3.4535266171275425,22.39,4.55,7.11,65.95,16.89,3.27,6.95,72.89
Örkelljunga,376.0,16.0,-287.0,77.0,36.97148475909538,10.95890410958904,-6.534608378870674,19.896640826873384,1017.0,146.0,4392.0,387.0,1393.0,162.0,4105.0,464.0,5942.0,6124.0,182.0,3.0629417704476607,22.75,2.65,7.58,67.03,17.12,2.46,6.51,73.91
Örnsköldsvik,1279.0,68.0,-3005.0,42.0,44.103448275862064,20.298507462686565,-10.342453966615041,2.9350104821802936,2900.0,335.0,29055.0,1431.0,4179.0,403.0,26050.0,1473.0,33721.0,32105.0,-1616.0,-4.792265947035972,13.02,1.26,4.59,81.14,8.6,0.99,4.24,86.16
Östergötlands län,18344.0,3496.0,-13133.0,1854.0,39.219207662540356,45.83114840062926,-6.241860818813509,11.552841475573281,46773.0,7628.0,210402.0,16048.0,65117.0,11124.0,197269.0,17902.0,280851.0,291412.0,10561.0,3.760356915232632,22.35,3.82,6.14,67.69,16.65,2.72,5.71,74.92
Östersund,2246.0,98.0,-1752.0,163.0,65.13921113689095,28.160919540229884,-5.324904261139141,7.79531324725012,3448.0,348.0,32902.0,2091.0,5694.0,446.0,31150.0,2254.0,38789.0,39544.0,755.0,1.9464281110624144,14.4,1.13,5.7,78.77,8.89,0.9,5.39,84.82
Österåker,2822.0,274.0,1581.0,430.0,67.49581439846926,31.712962962962965,8.825006977393246,18.29787234042553,4181.0,864.0,17915.0,2350.0,7003.0,1138.0,19496.0,2780.0,25310.0,30417.0,5107.0,20.17779533781114,23.02,3.74,9.14,64.1,16.52,3.41,9.28,70.78
Östhammar,382.0,-15.0,-1054.0,-2.0,32.93103448275862,-4.615384615384616,-9.811953081362875,-0.21953896816684962,1160.0,325.0,10742.0,911.0,1542.0,310.0,9688.0,909.0,13138.0,12449.0,-689.0,-5.244329426092252,12.39,2.49,7.3,77.82,8.83,2.47,6.93,81.76
Östra Göinge,533.0,25.0,-899.0,-6.0,44.049586776859506,18.796992481203006,-13.504581643382904,-1.2448132780082988,1210.0,133.0,6657.0,482.0,1743.0,158.0,5758.0,476.0,8482.0,8135.0,-347.0,-4.091016269747701,21.43,1.94,5.85,70.78,14.27,1.57,5.68,78.48
Överkalix,163.0,1.0,-342.0,-38.0,73.09417040358744,6.666666666666667,-21.05911330049261,-28.78787878787879,223.0,15.0,1624.0,132.0,386.0,16.0,1282.0,94.0,1994.0,1778.0,-216.0,-10.832497492477431,21.71,0.9,5.29,72.1,11.18,0.75,6.62,81.44
Övertorneå,-235.0,12.0,-279.0,-210.0,-30.01277139208174,11.009174311926607,-22.664500406173843,-30.973451327433626,783.0,109.0,1231.0,678.0,548.0,121.0,952.0,468.0,2801.0,2089.0,-712.0,-25.419493038200642,26.23,5.79,22.4,45.57,27.95,3.89,24.21,43.95
